{"type":"FeatureCollection","features":[{"type":"Feature","geometry":{"type":"Point","coordinates":[-180.0,-75.0]},"properties":{"date":"2026-09-23","WS":19.1,"WD":294.0}},{"type":"Feature","geometry":{"type":"Point","coordinates":[-175.0,-75.0]},"properties":{"date":"2026-09-23","WS":19.3,"WD":306.0}},{"type":"Feature","geometry":{"type":"Point","coordinates":[-170.0,-75.0]},"properties":{"date":"2026-09-23","WS":23.1,"WD":343.0}},{"type":"Feature","geometry":{"type":"Point","coordinates":[-165.0,-75.0]},"properties":{"date":"2026-09-23","WS":27.3,"WD":357.0}},{"type":"Feature","geometry":{"type":"Point","coordinates":[-160.0,-75.0]},"properties":{"date":"2026-09-23","WS":25.5,"WD":352.0}},{"type":"Feature","geometry":{"type":"Point","coordinates":[-155.0,-75.0]},"properties":{"date":"2026-09-23","WS":22.9,"WD":354.0}},{"type":"Feature","geometry":{"type":"Point","coordinates":[-150.0,-75.0]},"properties":{"date":"2026-09-23","WS":21.3,"WD":354.0}},{"type":"Feature","geometry":{"type":"Point","coordinates":[-145.0,-75.0]},"properties":{"date":"2026-09-23","WS":19.4,"WD":359.0}},{"type":"Feature","geometry":{"type":"Point","coordinates":[-140.0,-75.0]},"properties":{"date":"2026-09-23","WS":13.6,"WD":20.0}},{"type":"Feature","geometry":{"type":"Point","coordinates":[-135.0,-75.0]},"properties":{"date":"2026-09-23","WS":13.4,"WD":42.0}},{"type":"Feature","geometry":{"type":"Point","coordinates":[-130.0,-75.0]},"properties":{"date":"2026-09-23","WS":9.4,"WD":11.0}},{"type":"Feature","geometry":{"type":"Point","coordinates":[-125.0,-75.0]},"properties":{"date":"2026-09-23","WS":12.5,"WD":291.0}},{"type":"Feature","geometry":{"type":"Point","coordinates":[-120.0,-75.0]},"properties":{"date":"2026-09-23","WS":17.5,"WD":282.0}},{"type":"Feature","geometry":{"type":"Point","coordinates":[-115.0,-75.0]},"properties":{"date":"2026-09-23","WS":17.8,"WD":275.0}},{"type":"Feature","geometry":{"type":"Point","coordinates":[-110.0,-75.0]},"properties":{"date":"2026-09-23","WS":21.9,"WD":261.0}},{"type":"Feature","geometry":{"type":"Point","coordinates":[-105.0,-75.0]},"properties":{"date":"2026-09-23","WS":22.9,"WD":259.0}},{"type":"Feature","geometry":{"type":"Point","coordinates":[-100.0,-75.0]},"properties":{"date":"2026-09-23","WS":23.5,"WD":256.0}},{"type":"Feature","geometry":{"type":"Point","coordinates":[-95.0,-75.0]},"properties":{"date":"2026-09-23","WS":25.7,"WD":252.0}},{"type":"Feature","geometry":{"type":"Point","coordinates":[-90.0,-75.0]},"properties":{"date":"2026-09-23","WS":27.1,"WD":253.0}},{"type":"Feature","geometry":{"type":"Point","coordinates":[-85.0,-75.0]},"properties":{"date":"2026-09-23","WS":25.6,"WD":252.0}},{"type":"Feature","geometry":{"type":"Point","coordinates":[-80.0,-75.0]},"properties":{"date":"2026-09-23","WS":23.0,"WD":256.0}},{"type":"Feature","geometry":{"type":"Point","coordinates":[-75.0,-75.0]},"properties":{"date":"2026-09-23","WS":22.4,"WD":260.0}},{"type":"Feature","geometry":{"type":"Point","coordinates":[-70.0,-75.0]},"properties":{"date":"2026-09-23","WS":20.3,"WD":265.0}},{"type":"Feature","geometry":{"type":"Point","coordinates":[-65.0,-75.0]},"properties":{"date":"2026-09-23","WS":17.0,"WD":293.0}},{"type":"Feature","geometry":{"type":"Point","coordinates":[-60.0,-75.0]},"properties":{"date":"2026-09-23","WS":17.5,"WD":311.0}},{"type":"Feature","geometry":{"type":"Point","coordinates":[-55.0,-75.0]},"properties":{"date":"2026-09-23","WS":16.5,"WD":305.0}},{"type":"Feature","geometry":{"type":"Point","coordinates":[-50.0,-75.0]},"properties":{"date":"2026-09-23","WS":13.5,"WD":307.0}},{"type":"Feature","geometry":{"type":"Point","coordinates":[-45.0,-75.0]},"properties":{"date":"2026-09-23","WS":11.3,"WD":310.0}},{"type":"Feature","geometry":{"type":"Point","coordinates":[-40.0,-75.0]},"properties":{"date":"2026-09-23","WS":9.3,"WD":299.0}},{"type":"Feature","geometry":{"type":"Point","coordinates":[-35.0,-75.0]},"properties":{"date":"2026-09-23","WS":2.5,"WD":204.0}},{"type":"Feature","geometry":{"type":"Point","coordinates":[-30.0,-75.0]},"properties":{"date":"2026-09-23","WS":7.4,"WD":159.0}},{"type":"Feature","geometry":{"type":"Point","coordinates":[-25.0,-75.0]},"properties":{"date":"2026-09-23","WS":4.4,"WD":126.0}},{"type":"Feature","geometry":{"type":"Point","coordinates":[-20.0,-75.0]},"properties":{"date":"2026-09-23","WS":9.3,"WD":67.0}},{"type":"Feature","geometry":{"type":"Point","coordinates":[-15.0,-75.0]},"properties":{"date":"2026-09-23","WS":12.7,"WD":62.0}},{"type":"Feature","geometry":{"type":"Point","coordinates":[-10.0,-75.0]},"properties":{"date":"2026-09-23","WS":9.1,"WD":46.0}},{"type":"Feature","geometry":{"type":"Point","coordinates":[-5.0,-75.0]},"properties":{"date":"2026-09-23","WS":7.8,"WD":318.0}},{"type":"Feature","geometry":{"type":"Point","coordinates":[0.0,-75.0]},"properties":{"date":"2026-09-23","WS":13.4,"WD":293.0}},{"type":"Feature","geometry":{"type":"Point","coordinates":[5.0,-75.0]},"properties":{"date":"2026-09-23","WS":10.5,"WD":285.0}},{"type":"Feature","geometry":{"type":"Point","coordinates":[10.0,-75.0]},"properties":{"date":"2026-09-23","WS":12.3,"WD":240.0}},{"type":"Feature","geometry":{"type":"Point","coordinates":[15.0,-75.0]},"properties":{"date":"2026-09-23","WS":14.3,"WD":222.0}},{"type":"Feature","geometry":{"type":"Point","coordinates":[20.0,-75.0]},"properties":{"date":"2026-09-23","WS":14.8,"WD":227.0}},{"type":"Feature","geometry":{"type":"Point","coordinates":[25.0,-75.0]},"properties":{"date":"2026-09-23","WS":14.9,"WD":222.0}},{"type":"Feature","geometry":{"type":"Point","coordinates":[30.0,-75.0]},"properties":{"date":"2026-09-23","WS":14.0,"WD":213.0}},{"type":"Feature","geometry":{"type":"Point","coordinates":[35.0,-75.0]},"properties":{"date":"2026-09-23","WS":10.1,"WD":206.0}},{"type":"Feature","geometry":{"type":"Point","coordinates":[40.0,-75.0]},"properties":{"date":"2026-09-23","WS":10.7,"WD":108.0}},{"type":"Feature","geometry":{"type":"Point","coordinates":[45.0,-75.0]},"properties":{"date":"2026-09-23","WS":20.5,"WD":91.0}},{"type":"Feature","geometry":{"type":"Point","coordinates":[50.0,-75.0]},"properties":{"date":"2026-09-23","WS":15.0,"WD":99.0}},{"type":"Feature","geometry":{"type":"Point","coordinates":[55.0,-75.0]},"properties":{"date":"2026-09-23","WS":15.2,"WD":113.0}},{"type":"Feature","geometry":{"type":"Point","coordinates":[60.0,-75.0]},"properties":{"date":"2026-09-23","WS":19.3,"WD":121.0}},{"type":"Feature","geometry":{"type":"Point","coordinates":[65.0,-75.0]},"properties":{"date":"2026-09-23","WS":14.7,"WD":122.0}},{"type":"Feature","geometry":{"type":"Point","coordinates":[70.0,-75.0]},"properties":{"date":"2026-09-23","WS":14.5,"WD":133.0}},{"type":"Feature","geometry":{"type":"Point","coordinates":[75.0,-75.0]},"properties":{"date":"2026-09-23","WS":18.1,"WD":136.0}},{"type":"Feature","geometry":{"type":"Point","coordinates":[80.0,-75.0]},"properties":{"date":"2026-09-23","WS":14.7,"WD":138.0}},{"type":"Feature","geometry":{"type":"Point","coordinates":[85.0,-75.0]},"properties":{"date":"2026-09-23","WS":14.3,"WD":139.0}},{"type":"Feature","geometry":{"type":"Point","coordinates":[90.0,-75.0]},"properties":{"date":"2026-09-23","WS":16.7,"WD":134.0}},{"type":"Feature","geometry":{"type":"Point","coordinates":[95.0,-75.0]},"properties":{"date":"2026-09-23","WS":15.2,"WD":142.0}},{"type":"Feature","geometry":{"type":"Point","coordinates":[100.0,-75.0]},"properties":{"date":"2026-09-23","WS":17.3,"WD":144.0}},{"type":"Feature","geometry":{"type":"Point","coordinates":[105.0,-75.0]},"properties":{"date":"2026-09-23","WS":21.2,"WD":140.0}},{"type":"Feature","geometry":{"type":"Point","coordinates":[110.0,-75.0]},"properties":{"date":"2026-09-23","WS":16.2,"WD":138.0}},{"type":"Feature","geometry":{"type":"Point","coordinates":[115.0,-75.0]},"properties":{"date":"2026-09-23","WS":11.8,"WD":120.0}},{"type":"Feature","geometry":{"type":"Point","coordinates":[120.0,-75.0]},"properties":{"date":"2026-09-23","WS":14.4,"WD":114.0}},{"type":"Feature","geometry":{"type":"Point","coordinates":[125.0,-75.0]},"properties":{"date":"2026-09-23","WS":7.7,"WD":122.0}},{"type":"Feature","geometry":{"type":"Point","coordinates":[130.0,-75.0]},"properties":{"date":"2026-09-23","WS":7.4,"WD":213.0}},{"type":"Feature","geometry":{"type":"Point","coordinates":[135.0,-75.0]},"properties":{"date":"2026-09-23","WS":12.2,"WD":217.0}},{"type":"Feature","geometry":{"type":"Point","coordinates":[140.0,-75.0]},"properties":{"date":"2026-09-23","WS":13.0,"WD":222.0}},{"type":"Feature","geometry":{"type":"Point","coordinates":[145.0,-75.0]},"properties":{"date":"2026-09-23","WS":19.3,"WD":221.0}},{"type":"Feature","geometry":{"type":"Point","coordinates":[150.0,-75.0]},"properties":{"date":"2026-09-23","WS":22.7,"WD":212.0}},{"type":"Feature","geometry":{"type":"Point","coordinates":[155.0,-75.0]},"properties":{"date":"2026-09-23","WS":19.7,"WD":230.0}},{"type":"Feature","geometry":{"type":"Point","coordinates":[160.0,-75.0]},"properties":{"date":"2026-09-23","WS":20.3,"WD":266.0}},{"type":"Feature","geometry":{"type":"Point","coordinates":[165.0,-75.0]},"properties":{"date":"2026-09-23","WS":21.5,"WD":281.0}},{"type":"Feature","geometry":{"type":"Point","coordinates":[170.0,-75.0]},"properties":{"date":"2026-09-23","WS":22.0,"WD":279.0}},{"type":"Feature","geometry":{"type":"Point","coordinates":[175.0,-75.0]},"properties":{"date":"2026-09-23","WS":20.8,"WD":290.0}},{"type":"Feature","geometry":{"type":"Point","coordinates":[-180.0,-70.0]},"properties":{"date":"2026-09-23","WS":17.2,"WD":291.0}},{"type":"Feature","geometry":{"type":"Point","coordinates":[-175.0,-70.0]},"properties":{"date":"2026-09-23","WS":18.9,"WD":300.0}},{"type":"Feature","geometry":{"type":"Point","coordinates":[-170.0,-70.0]},"properties":{"date":"2026-09-23","WS":22.3,"WD":345.0}},{"type":"Feature","geometry":{"type":"Point","coordinates":[-165.0,-70.0]},"properties":{"date":"2026-09-23","WS":32.9,"WD":8.0}},{"type":"Feature","geometry":{"type":"Point","coordinates":[-160.0,-70.0]},"properties":{"date":"2026-09-23","WS":25.3,"WD":355.0}},{"type":"Feature","geometry":{"type":"Point","coordinates":[-155.0,-70.0]},"properties":{"date":"2026-09-23","WS":22.9,"WD":354.0}},{"type":"Feature","geometry":{"type":"Point","coordinates":[-150.0,-70.0]},"properties":{"date":"2026-09-23","WS":21.2,"WD":353.0}},{"type":"Feature","geometry":{"type":"Point","coordinates":[-145.0,-70.0]},"properties":{"date":"2026-09-23","WS":20.3,"WD":360.0}},{"type":"Feature","geometry":{"type":"Point","coordinates":[-140.0,-70.0]},"properties":{"date":"2026-09-23","WS":15.0,"WD":31.0}},{"type":"Feature","geometry":{"type":"Point","coordinates":[-135.0,-70.0]},"properties":{"date":"2026-09-23","WS":19.5,"WD":65.0}},{"type":"Feature","geometry":{"type":"Point","coordinates":[-130.0,-70.0]},"properties":{"date":"2026-09-23","WS":10.0,"WD":30.0}},{"type":"Feature","geometry":{"type":"Point","coordinates":[-125.0,-70.0]},"properties":{"date":"2026-09-23","WS":13.5,"WD":289.0}},{"type":"Feature","geometry":{"type":"Point","coordinates":[-120.0,-70.0]},"properties":{"date":"2026-09-23","WS":20.5,"WD":284.0}},{"type":"Feature","geometry":{"type":"Point","coordinates":[-115.0,-70.0]},"properties":{"date":"2026-09-23","WS":17.7,"WD":272.0}},{"type":"Feature","geometry":{"type":"Point","coordinates":[-110.0,-70.0]},"properties":{"date":"2026-09-23","WS":21.2,"WD":259.0}},{"type":"Feature","geometry":{"type":"Point","coordinates":[-105.0,-70.0]},"properties":{"date":"2026-09-23","WS":23.4,"WD":261.0}},{"type":"Feature","geometry":{"type":"Point","coordinates":[-100.0,-70.0]},"properties":{"date":"2026-09-23","WS":22.5,"WD":254.0}},{"type":"Feature","geometry":{"type":"Point","coordinates":[-95.0,-70.0]},"properties":{"date":"2026-09-23","WS":25.6,"WD":251.0}},{"type":"Feature","geometry":{"type":"Point","coordinates":[-90.0,-70.0]},"properties":{"date":"2026-09-23","WS":29.6,"WD":257.0}},{"type":"Feature","geometry":{"type":"Point","coordinates":[-85.0,-70.0]},"properties":{"date":"2026-09-23","WS":25.5,"WD":250.0}},{"type":"Feature","geometry":{"type":"Point","coordinates":[-80.0,-70.0]},"properties":{"date":"2026-09-23","WS":22.3,"WD":256.0}},{"type":"Feature","geometry":{"type":"Point","coordinates":[-75.0,-70.0]},"properties":{"date":"2026-09-23","WS":23.6,"WD":263.0}},{"type":"Feature","geometry":{"type":"Point","coordinates":[-70.0,-70.0]},"properties":{"date":"2026-09-23","WS":20.8,"WD":264.0}},{"type":"Feature","geometry":{"type":"Point","coordinates":[-65.0,-70.0]},"properties":{"date":"2026-09-23","WS":16.9,"WD":299.0}},{"type":"Feature","geometry":{"type":"Point","coordinates":[-60.0,-70.0]},"properties":{"date":"2026-09-23","WS":20.0,"WD":328.0}},{"type":"Feature","geometry":{"type":"Point","coordinates":[-55.0,-70.0]},"properties":{"date":"2026-09-23","WS":18.0,"WD":311.0}},{"type":"Feature","geometry":{"type":"Point","coordinates":[-50.0,-70.0]},"properties":{"date":"2026-09-23","WS":13.2,"WD":305.0}},{"type":"Feature","geometry":{"type":"Point","coordinates":[-45.0,-70.0]},"properties":{"date":"2026-09-23","WS":10.5,"WD":323.0}},{"type":"Feature","geometry":{"type":"Point","coordinates":[-40.0,-70.0]},"properties":{"date":"2026-09-23","WS":10.4,"WD":305.0}},{"type":"Feature","geometry":{"type":"Point","coordinates":[-35.0,-70.0]},"properties":{"date":"2026-09-23","WS":5.3,"WD":197.0}},{"type":"Feature","geometry":{"type":"Point","coordinates":[-30.0,-70.0]},"properties":{"date":"2026-09-23","WS":15.3,"WD":157.0}},{"type":"Feature","geometry":{"type":"Point","coordinates":[-25.0,-70.0]},"properties":{"date":"2026-09-23","WS":6.5,"WD":147.0}},{"type":"Feature","geometry":{"type":"Point","coordinates":[-20.0,-70.0]},"properties":{"date":"2026-09-23","WS":9.9,"WD":59.0}},{"type":"Feature","geometry":{"type":"Point","coordinates":[-15.0,-70.0]},"properties":{"date":"2026-09-23","WS":17.3,"WD":67.0}},{"type":"Feature","geometry":{"type":"Point","coordinates":[-10.0,-70.0]},"properties":{"date":"2026-09-23","WS":11.4,"WD":52.0}},{"type":"Feature","geometry":{"type":"Point","coordinates":[-5.0,-70.0]},"properties":{"date":"2026-09-23","WS":9.8,"WD":316.0}},{"type":"Feature","geometry":{"type":"Point","coordinates":[0.0,-70.0]},"properties":{"date":"2026-09-23","WS":21.1,"WD":287.0}},{"type":"Feature","geometry":{"type":"Point","coordinates":[5.0,-70.0]},"properties":{"date":"2026-09-23","WS":13.2,"WD":290.0}},{"type":"Feature","geometry":{"type":"Point","coordinates":[10.0,-70.0]},"properties":{"date":"2026-09-23","WS":11.9,"WD":239.0}},{"type":"Feature","geometry":{"type":"Point","coordinates":[15.0,-70.0]},"properties":{"date":"2026-09-23","WS":16.6,"WD":206.0}},{"type":"Feature","geometry":{"type":"Point","coordinates":[20.0,-70.0]},"properties":{"date":"2026-09-23","WS":16.5,"WD":232.0}},{"type":"Feature","geometry":{"type":"Point","coordinates":[25.0,-70.0]},"properties":{"date":"2026-09-23","WS":16.1,"WD":221.0}},{"type":"Feature","geometry":{"type":"Point","coordinates":[30.0,-70.0]},"properties":{"date":"2026-09-23","WS":15.2,"WD":202.0}},{"type":"Feature","geometry":{"type":"Point","coordinates":[35.0,-70.0]},"properties":{"date":"2026-09-23","WS":13.2,"WD":213.0}},{"type":"Feature","geometry":{"type":"Point","coordinates":[40.0,-70.0]},"properties":{"date":"2026-09-23","WS":12.0,"WD":102.0}},{"type":"Feature","geometry":{"type":"Point","coordinates":[45.0,-70.0]},"properties":{"date":"2026-09-23","WS":35.4,"WD":86.0}},{"type":"Feature","geometry":{"type":"Point","coordinates":[50.0,-70.0]},"properties":{"date":"2026-09-23","WS":15.8,"WD":90.0}},{"type":"Feature","geometry":{"type":"Point","coordinates":[55.0,-70.0]},"properties":{"date":"2026-09-23","WS":14.6,"WD":117.0}},{"type":"Feature","geometry":{"type":"Point","coordinates":[60.0,-70.0]},"properties":{"date":"2026-09-23","WS":29.0,"WD":123.0}},{"type":"Feature","geometry":{"type":"Point","coordinates":[65.0,-70.0]},"properties":{"date":"2026-09-23","WS":14.7,"WD":118.0}},{"type":"Feature","geometry":{"type":"Point","coordinates":[70.0,-70.0]},"properties":{"date":"2026-09-23","WS":13.3,"WD":132.0}},{"type":"Feature","geometry":{"type":"Point","coordinates":[75.0,-70.0]},"properties":{"date":"2026-09-23","WS":26.5,"WD":135.0}},{"type":"Feature","geometry":{"type":"Point","coordinates":[80.0,-70.0]},"properties":{"date":"2026-09-23","WS":14.9,"WD":141.0}},{"type":"Feature","geometry":{"type":"Point","coordinates":[85.0,-70.0]},"properties":{"date":"2026-09-23","WS":14.6,"WD":142.0}},{"type":"Feature","geometry":{"type":"Point","coordinates":[90.0,-70.0]},"properties":{"date":"2026-09-23","WS":22.6,"WD":123.0}},{"type":"Feature","geometry":{"type":"Point","coordinates":[95.0,-70.0]},"properties":{"date":"2026-09-23","WS":15.7,"WD":147.0}},{"type":"Feature","geometry":{"type":"Point","coordinates":[100.0,-70.0]},"properties":{"date":"2026-09-23","WS":18.1,"WD":149.0}},{"type":"Feature","geometry":{"type":"Point","coordinates":[105.0,-70.0]},"properties":{"date":"2026-09-23","WS":30.3,"WD":137.0}},{"type":"Feature","geometry":{"type":"Point","coordinates":[110.0,-70.0]},"properties":{"date":"2026-09-23","WS":15.9,"WD":140.0}},{"type":"Feature","geometry":{"type":"Point","coordinates":[115.0,-70.0]},"properties":{"date":"2026-09-23","WS":11.9,"WD":114.0}},{"type":"Feature","geometry":{"type":"Point","coordinates":[120.0,-70.0]},"properties":{"date":"2026-09-23","WS":23.6,"WD":113.0}},{"type":"Feature","geometry":{"type":"Point","coordinates":[125.0,-70.0]},"properties":{"date":"2026-09-23","WS":8.9,"WD":107.0}},{"type":"Feature","geometry":{"type":"Point","coordinates":[130.0,-70.0]},"properties":{"date":"2026-09-23","WS":7.3,"WD":224.0}},{"type":"Feature","geometry":{"type":"Point","coordinates":[135.0,-70.0]},"properties":{"date":"2026-09-23","WS":16.5,"WD":206.0}},{"type":"Feature","geometry":{"type":"Point","coordinates":[140.0,-70.0]},"properties":{"date":"2026-09-23","WS":12.6,"WD":226.0}},{"type":"Feature","geometry":{"type":"Point","coordinates":[145.0,-70.0]},"properties":{"date":"2026-09-23","WS":20.1,"WD":217.0}},{"type":"Feature","geometry":{"type":"Point","coordinates":[150.0,-70.0]},"properties":{"date":"2026-09-23","WS":29.7,"WD":196.0}},{"type":"Feature","geometry":{"type":"Point","coordinates":[155.0,-70.0]},"properties":{"date":"2026-09-23","WS":21.9,"WD":222.0}},{"type":"Feature","geometry":{"type":"Point","coordinates":[160.0,-70.0]},"properties":{"date":"2026-09-23","WS":20.9,"WD":272.0}},{"type":"Feature","geometry":{"type":"Point","coordinates":[165.0,-70.0]},"properties":{"date":"2026-09-23","WS":21.8,"WD":293.0}},{"type":"Feature","geometry":{"type":"Point","coordinates":[170.0,-70.0]},"properties":{"date":"2026-09-23","WS":22.8,"WD":280.0}},{"type":"Feature","geometry":{"type":"Point","coordinates":[175.0,-70.0]},"properties":{"date":"2026-09-23","WS":20.7,"WD":284.0}},{"type":"Feature","geometry":{"type":"Point","coordinates":[-180.0,-65.0]},"properties":{"date":"2026-09-23","WS":24.4,"WD":281.0}},{"type":"Feature","geometry":{"type":"Point","coordinates":[-175.0,-65.0]},"properties":{"date":"2026-09-23","WS":21.7,"WD":286.0}},{"type":"Feature","geometry":{"type":"Point","coordinates":[-170.0,-65.0]},"properties":{"date":"2026-09-23","WS":19.7,"WD":311.0}},{"type":"Feature","geometry":{"type":"Point","coordinates":[-165.0,-65.0]},"properties":{"date":"2026-09-23","WS":22.2,"WD":330.0}},{"type":"Feature","geometry":{"type":"Point","coordinates":[-160.0,-65.0]},"properties":{"date":"2026-09-23","WS":21.7,"WD":339.0}},{"type":"Feature","geometry":{"type":"Point","coordinates":[-155.0,-65.0]},"properties":{"date":"2026-09-23","WS":22.3,"WD":346.0}},{"type":"Feature","geometry":{"type":"Point","coordinates":[-150.0,-65.0]},"properties":{"date":"2026-09-23","WS":24.4,"WD":352.0}},{"type":"Feature","geometry":{"type":"Point","coordinates":[-145.0,-65.0]},"properties":{"date":"2026-09-23","WS":21.4,"WD":357.0}},{"type":"Feature","geometry":{"type":"Point","coordinates":[-140.0,-65.0]},"properties":{"date":"2026-09-23","WS":16.7,"WD":6.0}},{"type":"Feature","geometry":{"type":"Point","coordinates":[-135.0,-65.0]},"properties":{"date":"2026-09-23","WS":12.6,"WD":2.0}},{"type":"Feature","geometry":{"type":"Point","coordinates":[-130.0,-65.0]},"properties":{"date":"2026-09-23","WS":8.7,"WD":345.0}},{"type":"Feature","geometry":{"type":"Point","coordinates":[-125.0,-65.0]},"properties":{"date":"2026-09-23","WS":10.8,"WD":288.0}},{"type":"Feature","geometry":{"type":"Point","coordinates":[-120.0,-65.0]},"properties":{"date":"2026-09-23","WS":16.2,"WD":268.0}},{"type":"Feature","geometry":{"type":"Point","coordinates":[-115.0,-65.0]},"properties":{"date":"2026-09-23","WS":16.6,"WD":258.0}},{"type":"Feature","geometry":{"type":"Point","coordinates":[-110.0,-65.0]},"properties":{"date":"2026-09-23","WS":18.3,"WD":247.0}},{"type":"Feature","geometry":{"type":"Point","coordinates":[-105.0,-65.0]},"properties":{"date":"2026-09-23","WS":21.3,"WD":246.0}},{"type":"Feature","geometry":{"type":"Point","coordinates":[-100.0,-65.0]},"properties":{"date":"2026-09-23","WS":20.8,"WD":240.0}},{"type":"Feature","geometry":{"type":"Point","coordinates":[-95.0,-65.0]},"properties":{"date":"2026-09-23","WS":21.8,"WD":238.0}},{"type":"Feature","geometry":{"type":"Point","coordinates":[-90.0,-65.0]},"properties":{"date":"2026-09-23","WS":23.6,"WD":241.0}},{"type":"Feature","geometry":{"type":"Point","coordinates":[-85.0,-65.0]},"properties":{"date":"2026-09-23","WS":22.1,"WD":240.0}},{"type":"Feature","geometry":{"type":"Point","coordinates":[-80.0,-65.0]},"properties":{"date":"2026-09-23","WS":21.0,"WD":239.0}},{"type":"Feature","geometry":{"type":"Point","coordinates":[-75.0,-65.0]},"properties":{"date":"2026-09-23","WS":20.6,"WD":242.0}},{"type":"Feature","geometry":{"type":"Point","coordinates":[-70.0,-65.0]},"properties":{"date":"2026-09-23","WS":18.8,"WD":255.0}},{"type":"Feature","geometry":{"type":"Point","coordinates":[-65.0,-65.0]},"properties":{"date":"2026-09-23","WS":19.0,"WD":275.0}},{"type":"Feature","geometry":{"type":"Point","coordinates":[-60.0,-65.0]},"properties":{"date":"2026-09-23","WS":19.8,"WD":284.0}},{"type":"Feature","geometry":{"type":"Point","coordinates":[-55.0,-65.0]},"properties":{"date":"2026-09-23","WS":19.7,"WD":290.0}},{"type":"Feature","geometry":{"type":"Point","coordinates":[-50.0,-65.0]},"properties":{"date":"2026-09-23","WS":18.4,"WD":297.0}},{"type":"Feature","geometry":{"type":"Point","coordinates":[-45.0,-65.0]},"properties":{"date":"2026-09-23","WS":18.3,"WD":299.0}},{"type":"Feature","geometry":{"type":"Point","coordinates":[-40.0,-65.0]},"properties":{"date":"2026-09-23","WS":14.3,"WD":290.0}},{"type":"Feature","geometry":{"type":"Point","coordinates":[-35.0,-65.0]},"properties":{"date":"2026-09-23","WS":11.2,"WD":277.0}},{"type":"Feature","geometry":{"type":"Point","coordinates":[-30.0,-65.0]},"properties":{"date":"2026-09-23","WS":7.1,"WD":276.0}},{"type":"Feature","geometry":{"type":"Point","coordinates":[-25.0,-65.0]},"properties":{"date":"2026-09-23","WS":4.1,"WD":298.0}},{"type":"Feature","geometry":{"type":"Point","coordinates":[-20.0,-65.0]},"properties":{"date":"2026-09-23","WS":7.2,"WD":43.0}},{"type":"Feature","geometry":{"type":"Point","coordinates":[-15.0,-65.0]},"properties":{"date":"2026-09-23","WS":13.5,"WD":55.0}},{"type":"Feature","geometry":{"type":"Point","coordinates":[-10.0,-65.0]},"properties":{"date":"2026-09-23","WS":12.1,"WD":35.0}},{"type":"Feature","geometry":{"type":"Point","coordinates":[-5.0,-65.0]},"properties":{"date":"2026-09-23","WS":10.5,"WD":12.0}},{"type":"Feature","geometry":{"type":"Point","coordinates":[0.0,-65.0]},"properties":{"date":"2026-09-23","WS":8.5,"WD":8.0}},{"type":"Feature","geometry":{"type":"Point","coordinates":[5.0,-65.0]},"properties":{"date":"2026-09-23","WS":9.5,"WD":318.0}},{"type":"Feature","geometry":{"type":"Point","coordinates":[10.0,-65.0]},"properties":{"date":"2026-09-23","WS":14.1,"WD":280.0}},{"type":"Feature","geometry":{"type":"Point","coordinates":[15.0,-65.0]},"properties":{"date":"2026-09-23","WS":16.5,"WD":264.0}},{"type":"Feature","geometry":{"type":"Point","coordinates":[20.0,-65.0]},"properties":{"date":"2026-09-23","WS":21.0,"WD":255.0}},{"type":"Feature","geometry":{"type":"Point","coordinates":[25.0,-65.0]},"properties":{"date":"2026-09-23","WS":23.6,"WD":244.0}},{"type":"Feature","geometry":{"type":"Point","coordinates":[30.0,-65.0]},"properties":{"date":"2026-09-23","WS":22.8,"WD":235.0}},{"type":"Feature","geometry":{"type":"Point","coordinates":[35.0,-65.0]},"properties":{"date":"2026-09-23","WS":21.0,"WD":241.0}},{"type":"Feature","geometry":{"type":"Point","coordinates":[40.0,-65.0]},"properties":{"date":"2026-09-23","WS":13.2,"WD":250.0}},{"type":"Feature","geometry":{"type":"Point","coordinates":[45.0,-65.0]},"properties":{"date":"2026-09-23","WS":8.5,"WD":266.0}},{"type":"Feature","geometry":{"type":"Point","coordinates":[50.0,-65.0]},"properties":{"date":"2026-09-23","WS":7.2,"WD":285.0}},{"type":"Feature","geometry":{"type":"Point","coordinates":[55.0,-65.0]},"properties":{"date":"2026-09-23","WS":6.2,"WD":301.0}},{"type":"Feature","geometry":{"type":"Point","coordinates":[60.0,-65.0]},"properties":{"date":"2026-09-23","WS":5.1,"WD":322.0}},{"type":"Feature","geometry":{"type":"Point","coordinates":[65.0,-65.0]},"properties":{"date":"2026-09-23","WS":5.6,"WD":317.0}},{"type":"Feature","geometry":{"type":"Point","coordinates":[70.0,-65.0]},"properties":{"date":"2026-09-23","WS":6.1,"WD":319.0}},{"type":"Feature","geometry":{"type":"Point","coordinates":[75.0,-65.0]},"properties":{"date":"2026-09-23","WS":2.0,"WD":321.0}},{"type":"Feature","geometry":{"type":"Point","coordinates":[80.0,-65.0]},"properties":{"date":"2026-09-23","WS":5.3,"WD":250.0}},{"type":"Feature","geometry":{"type":"Point","coordinates":[85.0,-65.0]},"properties":{"date":"2026-09-23","WS":11.0,"WD":214.0}},{"type":"Feature","geometry":{"type":"Point","coordinates":[90.0,-65.0]},"properties":{"date":"2026-09-23","WS":14.9,"WD":195.0}},{"type":"Feature","geometry":{"type":"Point","coordinates":[95.0,-65.0]},"properties":{"date":"2026-09-23","WS":14.1,"WD":210.0}},{"type":"Feature","geometry":{"type":"Point","coordinates":[100.0,-65.0]},"properties":{"date":"2026-09-23","WS":11.8,"WD":220.0}},{"type":"Feature","geometry":{"type":"Point","coordinates":[105.0,-65.0]},"properties":{"date":"2026-09-23","WS":8.8,"WD":213.0}},{"type":"Feature","geometry":{"type":"Point","coordinates":[110.0,-65.0]},"properties":{"date":"2026-09-23","WS":5.5,"WD":257.0}},{"type":"Feature","geometry":{"type":"Point","coordinates":[115.0,-65.0]},"properties":{"date":"2026-09-23","WS":5.2,"WD":334.0}},{"type":"Feature","geometry":{"type":"Point","coordinates":[120.0,-65.0]},"properties":{"date":"2026-09-23","WS":6.6,"WD":5.0}},{"type":"Feature","geometry":{"type":"Point","coordinates":[125.0,-65.0]},"properties":{"date":"2026-09-23","WS":10.1,"WD":341.0}},{"type":"Feature","geometry":{"type":"Point","coordinates":[130.0,-65.0]},"properties":{"date":"2026-09-23","WS":12.7,"WD":315.0}},{"type":"Feature","geometry":{"type":"Point","coordinates":[135.0,-65.0]},"properties":{"date":"2026-09-23","WS":14.2,"WD":302.0}},{"type":"Feature","geometry":{"type":"Point","coordinates":[140.0,-65.0]},"properties":{"date":"2026-09-23","WS":14.6,"WD":280.0}},{"type":"Feature","geometry":{"type":"Point","coordinates":[145.0,-65.0]},"properties":{"date":"2026-09-23","WS":16.9,"WD":255.0}},{"type":"Feature","geometry":{"type":"Point","coordinates":[150.0,-65.0]},"properties":{"date":"2026-09-23","WS":20.8,"WD":242.0}},{"type":"Feature","geometry":{"type":"Point","coordinates":[155.0,-65.0]},"properties":{"date":"2026-09-23","WS":22.4,"WD":251.0}},{"type":"Feature","geometry":{"type":"Point","coordinates":[160.0,-65.0]},"properties":{"date":"2026-09-23","WS":25.7,"WD":263.0}},{"type":"Feature","geometry":{"type":"Point","coordinates":[165.0,-65.0]},"properties":{"date":"2026-09-23","WS":27.6,"WD":269.0}},{"type":"Feature","geometry":{"type":"Point","coordinates":[170.0,-65.0]},"properties":{"date":"2026-09-23","WS":27.6,"WD":271.0}},{"type":"Feature","geometry":{"type":"Point","coordinates":[175.0,-65.0]},"properties":{"date":"2026-09-23","WS":26.4,"WD":273.0}},{"type":"Feature","geometry":{"type":"Point","coordinates":[-180.0,-60.0]},"properties":{"date":"2026-09-23","WS":34.9,"WD":273.0}},{"type":"Feature","geometry":{"type":"Point","coordinates":[-175.0,-60.0]},"properties":{"date":"2026-09-23","WS":26.5,"WD":274.0}},{"type":"Feature","geometry":{"type":"Point","coordinates":[-170.0,-60.0]},"properties":{"date":"2026-09-23","WS":22.2,"WD":289.0}},{"type":"Feature","geometry":{"type":"Point","coordinates":[-165.0,-60.0]},"properties":{"date":"2026-09-23","WS":28.6,"WD":301.0}},{"type":"Feature","geometry":{"type":"Point","coordinates":[-160.0,-60.0]},"properties":{"date":"2026-09-23","WS":20.0,"WD":316.0}},{"type":"Feature","geometry":{"type":"Point","coordinates":[-155.0,-60.0]},"properties":{"date":"2026-09-23","WS":22.5,"WD":344.0}},{"type":"Feature","geometry":{"type":"Point","coordinates":[-150.0,-60.0]},"properties":{"date":"2026-09-23","WS":29.8,"WD":346.0}},{"type":"Feature","geometry":{"type":"Point","coordinates":[-145.0,-60.0]},"properties":{"date":"2026-09-23","WS":23.9,"WD":354.0}},{"type":"Feature","geometry":{"type":"Point","coordinates":[-140.0,-60.0]},"properties":{"date":"2026-09-23","WS":18.8,"WD":348.0}},{"type":"Feature","geometry":{"type":"Point","coordinates":[-135.0,-60.0]},"properties":{"date":"2026-09-23","WS":22.0,"WD":322.0}},{"type":"Feature","geometry":{"type":"Point","coordinates":[-130.0,-60.0]},"properties":{"date":"2026-09-23","WS":12.4,"WD":326.0}},{"type":"Feature","geometry":{"type":"Point","coordinates":[-125.0,-60.0]},"properties":{"date":"2026-09-23","WS":10.4,"WD":274.0}},{"type":"Feature","geometry":{"type":"Point","coordinates":[-120.0,-60.0]},"properties":{"date":"2026-09-23","WS":18.2,"WD":260.0}},{"type":"Feature","geometry":{"type":"Point","coordinates":[-115.0,-60.0]},"properties":{"date":"2026-09-23","WS":15.1,"WD":246.0}},{"type":"Feature","geometry":{"type":"Point","coordinates":[-110.0,-60.0]},"properties":{"date":"2026-09-23","WS":17.7,"WD":234.0}},{"type":"Feature","geometry":{"type":"Point","coordinates":[-105.0,-60.0]},"properties":{"date":"2026-09-23","WS":22.9,"WD":234.0}},{"type":"Feature","geometry":{"type":"Point","coordinates":[-100.0,-60.0]},"properties":{"date":"2026-09-23","WS":19.8,"WD":229.0}},{"type":"Feature","geometry":{"type":"Point","coordinates":[-95.0,-60.0]},"properties":{"date":"2026-09-23","WS":20.1,"WD":224.0}},{"type":"Feature","geometry":{"type":"Point","coordinates":[-90.0,-60.0]},"properties":{"date":"2026-09-23","WS":22.2,"WD":223.0}},{"type":"Feature","geometry":{"type":"Point","coordinates":[-85.0,-60.0]},"properties":{"date":"2026-09-23","WS":20.3,"WD":227.0}},{"type":"Feature","geometry":{"type":"Point","coordinates":[-80.0,-60.0]},"properties":{"date":"2026-09-23","WS":20.5,"WD":226.0}},{"type":"Feature","geometry":{"type":"Point","coordinates":[-75.0,-60.0]},"properties":{"date":"2026-09-23","WS":25.0,"WD":212.0}},{"type":"Feature","geometry":{"type":"Point","coordinates":[-70.0,-60.0]},"properties":{"date":"2026-09-23","WS":18.7,"WD":241.0}},{"type":"Feature","geometry":{"type":"Point","coordinates":[-65.0,-60.0]},"properties":{"date":"2026-09-23","WS":22.3,"WD":264.0}},{"type":"Feature","geometry":{"type":"Point","coordinates":[-60.0,-60.0]},"properties":{"date":"2026-09-23","WS":30.9,"WD":256.0}},{"type":"Feature","geometry":{"type":"Point","coordinates":[-55.0,-60.0]},"properties":{"date":"2026-09-23","WS":23.2,"WD":275.0}},{"type":"Feature","geometry":{"type":"Point","coordinates":[-50.0,-60.0]},"properties":{"date":"2026-09-23","WS":22.1,"WD":291.0}},{"type":"Feature","geometry":{"type":"Point","coordinates":[-45.0,-60.0]},"properties":{"date":"2026-09-23","WS":25.4,"WD":295.0}},{"type":"Feature","geometry":{"type":"Point","coordinates":[-40.0,-60.0]},"properties":{"date":"2026-09-23","WS":19.3,"WD":288.0}},{"type":"Feature","geometry":{"type":"Point","coordinates":[-35.0,-60.0]},"properties":{"date":"2026-09-23","WS":18.9,"WD":289.0}},{"type":"Feature","geometry":{"type":"Point","coordinates":[-30.0,-60.0]},"properties":{"date":"2026-09-23","WS":29.1,"WD":304.0}},{"type":"Feature","geometry":{"type":"Point","coordinates":[-25.0,-60.0]},"properties":{"date":"2026-09-23","WS":13.4,"WD":302.0}},{"type":"Feature","geometry":{"type":"Point","coordinates":[-20.0,-60.0]},"properties":{"date":"2026-09-23","WS":7.6,"WD":21.0}},{"type":"Feature","geometry":{"type":"Point","coordinates":[-15.0,-60.0]},"properties":{"date":"2026-09-23","WS":15.5,"WD":55.0}},{"type":"Feature","geometry":{"type":"Point","coordinates":[-10.0,-60.0]},"properties":{"date":"2026-09-23","WS":13.1,"WD":29.0}},{"type":"Feature","geometry":{"type":"Point","coordinates":[-5.0,-60.0]},"properties":{"date":"2026-09-23","WS":15.5,"WD":36.0}},{"type":"Feature","geometry":{"type":"Point","coordinates":[0.0,-60.0]},"properties":{"date":"2026-09-23","WS":25.7,"WD":65.0}},{"type":"Feature","geometry":{"type":"Point","coordinates":[5.0,-60.0]},"properties":{"date":"2026-09-23","WS":10.6,"WD":10.0}},{"type":"Feature","geometry":{"type":"Point","coordinates":[10.0,-60.0]},"properties":{"date":"2026-09-23","WS":20.2,"WD":294.0}},{"type":"Feature","geometry":{"type":"Point","coordinates":[15.0,-60.0]},"properties":{"date":"2026-09-23","WS":29.6,"WD":287.0}},{"type":"Feature","geometry":{"type":"Point","coordinates":[20.0,-60.0]},"properties":{"date":"2026-09-23","WS":26.3,"WD":271.0}},{"type":"Feature","geometry":{"type":"Point","coordinates":[25.0,-60.0]},"properties":{"date":"2026-09-23","WS":30.7,"WD":251.0}},{"type":"Feature","geometry":{"type":"Point","coordinates":[30.0,-60.0]},"properties":{"date":"2026-09-23","WS":38.4,"WD":247.0}},{"type":"Feature","geometry":{"type":"Point","coordinates":[35.0,-60.0]},"properties":{"date":"2026-09-23","WS":31.1,"WD":249.0}},{"type":"Feature","geometry":{"type":"Point","coordinates":[40.0,-60.0]},"properties":{"date":"2026-09-23","WS":31.7,"WD":261.0}},{"type":"Feature","geometry":{"type":"Point","coordinates":[45.0,-60.0]},"properties":{"date":"2026-09-23","WS":45.1,"WD":265.0}},{"type":"Feature","geometry":{"type":"Point","coordinates":[50.0,-60.0]},"properties":{"date":"2026-09-23","WS":27.6,"WD":275.0}},{"type":"Feature","geometry":{"type":"Point","coordinates":[55.0,-60.0]},"properties":{"date":"2026-09-23","WS":23.0,"WD":300.0}},{"type":"Feature","geometry":{"type":"Point","coordinates":[60.0,-60.0]},"properties":{"date":"2026-09-23","WS":32.1,"WD":308.0}},{"type":"Feature","geometry":{"type":"Point","coordinates":[65.0,-60.0]},"properties":{"date":"2026-09-23","WS":22.1,"WD":309.0}},{"type":"Feature","geometry":{"type":"Point","coordinates":[70.0,-60.0]},"properties":{"date":"2026-09-23","WS":22.3,"WD":315.0}},{"type":"Feature","geometry":{"type":"Point","coordinates":[75.0,-60.0]},"properties":{"date":"2026-09-23","WS":33.4,"WD":323.0}},{"type":"Feature","geometry":{"type":"Point","coordinates":[80.0,-60.0]},"properties":{"date":"2026-09-23","WS":18.5,"WD":297.0}},{"type":"Feature","geometry":{"type":"Point","coordinates":[85.0,-60.0]},"properties":{"date":"2026-09-23","WS":21.1,"WD":243.0}},{"type":"Feature","geometry":{"type":"Point","coordinates":[90.0,-60.0]},"properties":{"date":"2026-09-23","WS":31.1,"WD":236.0}},{"type":"Feature","geometry":{"type":"Point","coordinates":[95.0,-60.0]},"properties":{"date":"2026-09-23","WS":23.6,"WD":238.0}},{"type":"Feature","geometry":{"type":"Point","coordinates":[100.0,-60.0]},"properties":{"date":"2026-09-23","WS":21.4,"WD":264.0}},{"type":"Feature","geometry":{"type":"Point","coordinates":[105.0,-60.0]},"properties":{"date":"2026-09-23","WS":30.6,"WD":285.0}},{"type":"Feature","geometry":{"type":"Point","coordinates":[110.0,-60.0]},"properties":{"date":"2026-09-23","WS":20.0,"WD":288.0}},{"type":"Feature","geometry":{"type":"Point","coordinates":[115.0,-60.0]},"properties":{"date":"2026-09-23","WS":19.3,"WD":317.0}},{"type":"Feature","geometry":{"type":"Point","coordinates":[120.0,-60.0]},"properties":{"date":"2026-09-23","WS":29.6,"WD":327.0}},{"type":"Feature","geometry":{"type":"Point","coordinates":[125.0,-60.0]},"properties":{"date":"2026-09-23","WS":22.5,"WD":328.0}},{"type":"Feature","geometry":{"type":"Point","coordinates":[130.0,-60.0]},"properties":{"date":"2026-09-23","WS":24.3,"WD":326.0}},{"type":"Feature","geometry":{"type":"Point","coordinates":[135.0,-60.0]},"properties":{"date":"2026-09-23","WS":34.1,"WD":326.0}},{"type":"Feature","geometry":{"type":"Point","coordinates":[140.0,-60.0]},"properties":{"date":"2026-09-23","WS":22.4,"WD":310.0}},{"type":"Feature","geometry":{"type":"Point","coordinates":[145.0,-60.0]},"properties":{"date":"2026-09-23","WS":21.3,"WD":281.0}},{"type":"Feature","geometry":{"type":"Point","coordinates":[150.0,-60.0]},"properties":{"date":"2026-09-23","WS":27.4,"WD":284.0}},{"type":"Feature","geometry":{"type":"Point","coordinates":[155.0,-60.0]},"properties":{"date":"2026-09-23","WS":25.4,"WD":268.0}},{"type":"Feature","geometry":{"type":"Point","coordinates":[160.0,-60.0]},"properties":{"date":"2026-09-23","WS":30.7,"WD":261.0}},{"type":"Feature","geometry":{"type":"Point","coordinates":[165.0,-60.0]},"properties":{"date":"2026-09-23","WS":38.2,"WD":258.0}},{"type":"Feature","geometry":{"type":"Point","coordinates":[170.0,-60.0]},"properties":{"date":"2026-09-23","WS":32.1,"WD":264.0}},{"type":"Feature","geometry":{"type":"Point","coordinates":[175.0,-60.0]},"properties":{"date":"2026-09-23","WS":30.7,"WD":269.0}},{"type":"Feature","geometry":{"type":"Point","coordinates":[-180.0,-55.0]},"properties":{"date":"2026-09-23","WS":29.4,"WD":257.0}},{"type":"Feature","geometry":{"type":"Point","coordinates":[-175.0,-55.0]},"properties":{"date":"2026-09-23","WS":26.2,"WD":252.0}},{"type":"Feature","geometry":{"type":"Point","coordinates":[-170.0,-55.0]},"properties":{"date":"2026-09-23","WS":21.2,"WD":252.0}},{"type":"Feature","geometry":{"type":"Point","coordinates":[-165.0,-55.0]},"properties":{"date":"2026-09-23","WS":17.7,"WD":248.0}},{"type":"Feature","geometry":{"type":"Point","coordinates":[-160.0,-55.0]},"properties":{"date":"2026-09-23","WS":12.0,"WD":278.0}},{"type":"Feature","geometry":{"type":"Point","coordinates":[-155.0,-55.0]},"properties":{"date":"2026-09-23","WS":16.0,"WD":347.0}},{"type":"Feature","geometry":{"type":"Point","coordinates":[-150.0,-55.0]},"properties":{"date":"2026-09-23","WS":22.1,"WD":1.0}},{"type":"Feature","geometry":{"type":"Point","coordinates":[-145.0,-55.0]},"properties":{"date":"2026-09-23","WS":22.2,"WD":3.0}},{"type":"Feature","geometry":{"type":"Point","coordinates":[-140.0,-55.0]},"properties":{"date":"2026-09-23","WS":18.7,"WD":11.0}},{"type":"Feature","geometry":{"type":"Point","coordinates":[-135.0,-55.0]},"properties":{"date":"2026-09-23","WS":15.8,"WD":3.0}},{"type":"Feature","geometry":{"type":"Point","coordinates":[-130.0,-55.0]},"properties":{"date":"2026-09-23","WS":9.4,"WD":10.0}},{"type":"Feature","geometry":{"type":"Point","coordinates":[-125.0,-55.0]},"properties":{"date":"2026-09-23","WS":4.7,"WD":229.0}},{"type":"Feature","geometry":{"type":"Point","coordinates":[-120.0,-55.0]},"properties":{"date":"2026-09-23","WS":11.3,"WD":204.0}},{"type":"Feature","geometry":{"type":"Point","coordinates":[-115.0,-55.0]},"properties":{"date":"2026-09-23","WS":11.8,"WD":203.0}},{"type":"Feature","geometry":{"type":"Point","coordinates":[-110.0,-55.0]},"properties":{"date":"2026-09-23","WS":13.5,"WD":197.0}},{"type":"Feature","geometry":{"type":"Point","coordinates":[-105.0,-55.0]},"properties":{"date":"2026-09-23","WS":14.9,"WD":193.0}},{"type":"Feature","geometry":{"type":"Point","coordinates":[-100.0,-55.0]},"properties":{"date":"2026-09-23","WS":15.5,"WD":196.0}},{"type":"Feature","geometry":{"type":"Point","coordinates":[-95.0,-55.0]},"properties":{"date":"2026-09-23","WS":17.1,"WD":206.0}},{"type":"Feature","geometry":{"type":"Point","coordinates":[-90.0,-55.0]},"properties":{"date":"2026-09-23","WS":17.8,"WD":207.0}},{"type":"Feature","geometry":{"type":"Point","coordinates":[-85.0,-55.0]},"properties":{"date":"2026-09-23","WS":16.5,"WD":217.0}},{"type":"Feature","geometry":{"type":"Point","coordinates":[-80.0,-55.0]},"properties":{"date":"2026-09-23","WS":14.7,"WD":241.0}},{"type":"Feature","geometry":{"type":"Point","coordinates":[-75.0,-55.0]},"properties":{"date":"2026-09-23","WS":14.3,"WD":254.0}},{"type":"Feature","geometry":{"type":"Point","coordinates":[-70.0,-55.0]},"properties":{"date":"2026-09-23","WS":16.5,"WD":266.0}},{"type":"Feature","geometry":{"type":"Point","coordinates":[-65.0,-55.0]},"properties":{"date":"2026-09-23","WS":18.4,"WD":286.0}},{"type":"Feature","geometry":{"type":"Point","coordinates":[-60.0,-55.0]},"properties":{"date":"2026-09-23","WS":20.7,"WD":289.0}},{"type":"Feature","geometry":{"type":"Point","coordinates":[-55.0,-55.0]},"properties":{"date":"2026-09-23","WS":21.6,"WD":292.0}},{"type":"Feature","geometry":{"type":"Point","coordinates":[-50.0,-55.0]},"properties":{"date":"2026-09-23","WS":21.8,"WD":282.0}},{"type":"Feature","geometry":{"type":"Point","coordinates":[-45.0,-55.0]},"properties":{"date":"2026-09-23","WS":22.9,"WD":282.0}},{"type":"Feature","geometry":{"type":"Point","coordinates":[-40.0,-55.0]},"properties":{"date":"2026-09-23","WS":20.0,"WD":274.0}},{"type":"Feature","geometry":{"type":"Point","coordinates":[-35.0,-55.0]},"properties":{"date":"2026-09-23","WS":17.1,"WD":260.0}},{"type":"Feature","geometry":{"type":"Point","coordinates":[-30.0,-55.0]},"properties":{"date":"2026-09-23","WS":14.9,"WD":253.0}},{"type":"Feature","geometry":{"type":"Point","coordinates":[-25.0,-55.0]},"properties":{"date":"2026-09-23","WS":12.5,"WD":267.0}},{"type":"Feature","geometry":{"type":"Point","coordinates":[-20.0,-55.0]},"properties":{"date":"2026-09-23","WS":12.5,"WD":326.0}},{"type":"Feature","geometry":{"type":"Point","coordinates":[-15.0,-55.0]},"properties":{"date":"2026-09-23","WS":15.4,"WD":340.0}},{"type":"Feature","geometry":{"type":"Point","coordinates":[-10.0,-55.0]},"properties":{"date":"2026-09-23","WS":17.1,"WD":351.0}},{"type":"Feature","geometry":{"type":"Point","coordinates":[-5.0,-55.0]},"properties":{"date":"2026-09-23","WS":17.3,"WD":352.0}},{"type":"Feature","geometry":{"type":"Point","coordinates":[0.0,-55.0]},"properties":{"date":"2026-09-23","WS":17.7,"WD":357.0}},{"type":"Feature","geometry":{"type":"Point","coordinates":[5.0,-55.0]},"properties":{"date":"2026-09-23","WS":18.2,"WD":332.0}},{"type":"Feature","geometry":{"type":"Point","coordinates":[10.0,-55.0]},"properties":{"date":"2026-09-23","WS":20.7,"WD":299.0}},{"type":"Feature","geometry":{"type":"Point","coordinates":[15.0,-55.0]},"properties":{"date":"2026-09-23","WS":28.2,"WD":287.0}},{"type":"Feature","geometry":{"type":"Point","coordinates":[20.0,-55.0]},"properties":{"date":"2026-09-23","WS":27.5,"WD":273.0}},{"type":"Feature","geometry":{"type":"Point","coordinates":[25.0,-55.0]},"properties":{"date":"2026-09-23","WS":31.5,"WD":253.0}},{"type":"Feature","geometry":{"type":"Point","coordinates":[30.0,-55.0]},"properties":{"date":"2026-09-23","WS":34.7,"WD":247.0}},{"type":"Feature","geometry":{"type":"Point","coordinates":[35.0,-55.0]},"properties":{"date":"2026-09-23","WS":35.1,"WD":251.0}},{"type":"Feature","geometry":{"type":"Point","coordinates":[40.0,-55.0]},"properties":{"date":"2026-09-23","WS":33.9,"WD":267.0}},{"type":"Feature","geometry":{"type":"Point","coordinates":[45.0,-55.0]},"properties":{"date":"2026-09-23","WS":36.3,"WD":274.0}},{"type":"Feature","geometry":{"type":"Point","coordinates":[50.0,-55.0]},"properties":{"date":"2026-09-23","WS":32.6,"WD":284.0}},{"type":"Feature","geometry":{"type":"Point","coordinates":[55.0,-55.0]},"properties":{"date":"2026-09-23","WS":28.7,"WD":301.0}},{"type":"Feature","geometry":{"type":"Point","coordinates":[60.0,-55.0]},"properties":{"date":"2026-09-23","WS":29.9,"WD":312.0}},{"type":"Feature","geometry":{"type":"Point","coordinates":[65.0,-55.0]},"properties":{"date":"2026-09-23","WS":27.7,"WD":311.0}},{"type":"Feature","geometry":{"type":"Point","coordinates":[70.0,-55.0]},"properties":{"date":"2026-09-23","WS":26.8,"WD":301.0}},{"type":"Feature","geometry":{"type":"Point","coordinates":[75.0,-55.0]},"properties":{"date":"2026-09-23","WS":27.2,"WD":297.0}},{"type":"Feature","geometry":{"type":"Point","coordinates":[80.0,-55.0]},"properties":{"date":"2026-09-23","WS":24.3,"WD":280.0}},{"type":"Feature","geometry":{"type":"Point","coordinates":[85.0,-55.0]},"properties":{"date":"2026-09-23","WS":27.0,"WD":253.0}},{"type":"Feature","geometry":{"type":"Point","coordinates":[90.0,-55.0]},"properties":{"date":"2026-09-23","WS":30.4,"WD":245.0}},{"type":"Feature","geometry":{"type":"Point","coordinates":[95.0,-55.0]},"properties":{"date":"2026-09-23","WS":29.1,"WD":248.0}},{"type":"Feature","geometry":{"type":"Point","coordinates":[100.0,-55.0]},"properties":{"date":"2026-09-23","WS":27.6,"WD":263.0}},{"type":"Feature","geometry":{"type":"Point","coordinates":[105.0,-55.0]},"properties":{"date":"2026-09-23","WS":28.4,"WD":275.0}},{"type":"Feature","geometry":{"type":"Point","coordinates":[110.0,-55.0]},"properties":{"date":"2026-09-23","WS":25.3,"WD":286.0}},{"type":"Feature","geometry":{"type":"Point","coordinates":[115.0,-55.0]},"properties":{"date":"2026-09-23","WS":25.1,"WD":311.0}},{"type":"Feature","geometry":{"type":"Point","coordinates":[120.0,-55.0]},"properties":{"date":"2026-09-23","WS":27.2,"WD":320.0}},{"type":"Feature","geometry":{"type":"Point","coordinates":[125.0,-55.0]},"properties":{"date":"2026-09-23","WS":26.3,"WD":327.0}},{"type":"Feature","geometry":{"type":"Point","coordinates":[130.0,-55.0]},"properties":{"date":"2026-09-23","WS":26.0,"WD":330.0}},{"type":"Feature","geometry":{"type":"Point","coordinates":[135.0,-55.0]},"properties":{"date":"2026-09-23","WS":26.1,"WD":331.0}},{"type":"Feature","geometry":{"type":"Point","coordinates":[140.0,-55.0]},"properties":{"date":"2026-09-23","WS":21.8,"WD":318.0}},{"type":"Feature","geometry":{"type":"Point","coordinates":[145.0,-55.0]},"properties":{"date":"2026-09-23","WS":20.4,"WD":285.0}},{"type":"Feature","geometry":{"type":"Point","coordinates":[150.0,-55.0]},"properties":{"date":"2026-09-23","WS":23.9,"WD":267.0}},{"type":"Feature","geometry":{"type":"Point","coordinates":[155.0,-55.0]},"properties":{"date":"2026-09-23","WS":24.4,"WD":265.0}},{"type":"Feature","geometry":{"type":"Point","coordinates":[160.0,-55.0]},"properties":{"date":"2026-09-23","WS":28.3,"WD":264.0}},{"type":"Feature","geometry":{"type":"Point","coordinates":[165.0,-55.0]},"properties":{"date":"2026-09-23","WS":30.2,"WD":262.0}},{"type":"Feature","geometry":{"type":"Point","coordinates":[170.0,-55.0]},"properties":{"date":"2026-09-23","WS":29.7,"WD":261.0}},{"type":"Feature","geometry":{"type":"Point","coordinates":[175.0,-55.0]},"properties":{"date":"2026-09-23","WS":29.2,"WD":257.0}},{"type":"Feature","geometry":{"type":"Point","coordinates":[-180.0,-50.0]},"properties":{"date":"2026-09-23","WS":30.6,"WD":237.0}},{"type":"Feature","geometry":{"type":"Point","coordinates":[-175.0,-50.0]},"properties":{"date":"2026-09-23","WS":27.5,"WD":236.0}},{"type":"Feature","geometry":{"type":"Point","coordinates":[-170.0,-50.0]},"properties":{"date":"2026-09-23","WS":27.6,"WD":220.0}},{"type":"Feature","geometry":{"type":"Point","coordinates":[-165.0,-50.0]},"properties":{"date":"2026-09-23","WS":36.3,"WD":199.0}},{"type":"Feature","geometry":{"type":"Point","coordinates":[-160.0,-50.0]},"properties":{"date":"2026-09-23","WS":16.6,"WD":221.0}},{"type":"Feature","geometry":{"type":"Point","coordinates":[-155.0,-50.0]},"properties":{"date":"2026-09-23","WS":11.7,"WD":1.0}},{"type":"Feature","geometry":{"type":"Point","coordinates":[-150.0,-50.0]},"properties":{"date":"2026-09-23","WS":27.0,"WD":30.0}},{"type":"Feature","geometry":{"type":"Point","coordinates":[-145.0,-50.0]},"properties":{"date":"2026-09-23","WS":21.7,"WD":20.0}},{"type":"Feature","geometry":{"type":"Point","coordinates":[-140.0,-50.0]},"properties":{"date":"2026-09-23","WS":19.4,"WD":28.0}},{"type":"Feature","geometry":{"type":"Point","coordinates":[-135.0,-50.0]},"properties":{"date":"2026-09-23","WS":21.0,"WD":43.0}},{"type":"Feature","geometry":{"type":"Point","coordinates":[-130.0,-50.0]},"properties":{"date":"2026-09-23","WS":12.2,"WD":49.0}},{"type":"Feature","geometry":{"type":"Point","coordinates":[-125.0,-50.0]},"properties":{"date":"2026-09-23","WS":9.4,"WD":138.0}},{"type":"Feature","geometry":{"type":"Point","coordinates":[-120.0,-50.0]},"properties":{"date":"2026-09-23","WS":19.4,"WD":153.0}},{"type":"Feature","geometry":{"type":"Point","coordinates":[-115.0,-50.0]},"properties":{"date":"2026-09-23","WS":16.1,"WD":161.0}},{"type":"Feature","geometry":{"type":"Point","coordinates":[-110.0,-50.0]},"properties":{"date":"2026-09-23","WS":16.2,"WD":158.0}},{"type":"Feature","geometry":{"type":"Point","coordinates":[-105.0,-50.0]},"properties":{"date":"2026-09-23","WS":18.8,"WD":148.0}},{"type":"Feature","geometry":{"type":"Point","coordinates":[-100.0,-50.0]},"properties":{"date":"2026-09-23","WS":15.4,"WD":165.0}},{"type":"Feature","geometry":{"type":"Point","coordinates":[-95.0,-50.0]},"properties":{"date":"2026-09-23","WS":16.1,"WD":180.0}},{"type":"Feature","geometry":{"type":"Point","coordinates":[-90.0,-50.0]},"properties":{"date":"2026-09-23","WS":20.7,"WD":171.0}},{"type":"Feature","geometry":{"type":"Point","coordinates":[-85.0,-50.0]},"properties":{"date":"2026-09-23","WS":12.3,"WD":207.0}},{"type":"Feature","geometry":{"type":"Point","coordinates":[-80.0,-50.0]},"properties":{"date":"2026-09-23","WS":12.7,"WD":275.0}},{"type":"Feature","geometry":{"type":"Point","coordinates":[-75.0,-50.0]},"properties":{"date":"2026-09-23","WS":16.9,"WD":302.0}},{"type":"Feature","geometry":{"type":"Point","coordinates":[-70.0,-50.0]},"properties":{"date":"2026-09-23","WS":17.4,"WD":299.0}},{"type":"Feature","geometry":{"type":"Point","coordinates":[-65.0,-50.0]},"properties":{"date":"2026-09-23","WS":19.9,"WD":313.0}},{"type":"Feature","geometry":{"type":"Point","coordinates":[-60.0,-50.0]},"properties":{"date":"2026-09-23","WS":23.5,"WD":331.0}},{"type":"Feature","geometry":{"type":"Point","coordinates":[-55.0,-50.0]},"properties":{"date":"2026-09-23","WS":20.4,"WD":307.0}},{"type":"Feature","geometry":{"type":"Point","coordinates":[-50.0,-50.0]},"properties":{"date":"2026-09-23","WS":21.3,"WD":279.0}},{"type":"Feature","geometry":{"type":"Point","coordinates":[-45.0,-50.0]},"properties":{"date":"2026-09-23","WS":22.8,"WD":270.0}},{"type":"Feature","geometry":{"type":"Point","coordinates":[-40.0,-50.0]},"properties":{"date":"2026-09-23","WS":21.4,"WD":262.0}},{"type":"Feature","geometry":{"type":"Point","coordinates":[-35.0,-50.0]},"properties":{"date":"2026-09-23","WS":20.1,"WD":229.0}},{"type":"Feature","geometry":{"type":"Point","coordinates":[-30.0,-50.0]},"properties":{"date":"2026-09-23","WS":29.3,"WD":193.0}},{"type":"Feature","geometry":{"type":"Point","coordinates":[-25.0,-50.0]},"properties":{"date":"2026-09-23","WS":14.4,"WD":238.0}},{"type":"Feature","geometry":{"type":"Point","coordinates":[-20.0,-50.0]},"properties":{"date":"2026-09-23","WS":21.6,"WD":308.0}},{"type":"Feature","geometry":{"type":"Point","coordinates":[-15.0,-50.0]},"properties":{"date":"2026-09-23","WS":32.8,"WD":313.0}},{"type":"Feature","geometry":{"type":"Point","coordinates":[-10.0,-50.0]},"properties":{"date":"2026-09-23","WS":25.2,"WD":325.0}},{"type":"Feature","geometry":{"type":"Point","coordinates":[-5.0,-50.0]},"properties":{"date":"2026-09-23","WS":25.7,"WD":331.0}},{"type":"Feature","geometry":{"type":"Point","coordinates":[0.0,-50.0]},"properties":{"date":"2026-09-23","WS":34.9,"WD":325.0}},{"type":"Feature","geometry":{"type":"Point","coordinates":[5.0,-50.0]},"properties":{"date":"2026-09-23","WS":23.6,"WD":321.0}},{"type":"Feature","geometry":{"type":"Point","coordinates":[10.0,-50.0]},"properties":{"date":"2026-09-23","WS":23.6,"WD":299.0}},{"type":"Feature","geometry":{"type":"Point","coordinates":[15.0,-50.0]},"properties":{"date":"2026-09-23","WS":34.5,"WD":294.0}},{"type":"Feature","geometry":{"type":"Point","coordinates":[20.0,-50.0]},"properties":{"date":"2026-09-23","WS":26.3,"WD":274.0}},{"type":"Feature","geometry":{"type":"Point","coordinates":[25.0,-50.0]},"properties":{"date":"2026-09-23","WS":30.4,"WD":249.0}},{"type":"Feature","geometry":{"type":"Point","coordinates":[30.0,-50.0]},"properties":{"date":"2026-09-23","WS":38.0,"WD":246.0}},{"type":"Feature","geometry":{"type":"Point","coordinates":[35.0,-50.0]},"properties":{"date":"2026-09-23","WS":33.8,"WD":252.0}},{"type":"Feature","geometry":{"type":"Point","coordinates":[40.0,-50.0]},"properties":{"date":"2026-09-23","WS":34.4,"WD":271.0}},{"type":"Feature","geometry":{"type":"Point","coordinates":[45.0,-50.0]},"properties":{"date":"2026-09-23","WS":39.0,"WD":282.0}},{"type":"Feature","geometry":{"type":"Point","coordinates":[50.0,-50.0]},"properties":{"date":"2026-09-23","WS":33.5,"WD":289.0}},{"type":"Feature","geometry":{"type":"Point","coordinates":[55.0,-50.0]},"properties":{"date":"2026-09-23","WS":31.5,"WD":307.0}},{"type":"Feature","geometry":{"type":"Point","coordinates":[60.0,-50.0]},"properties":{"date":"2026-09-23","WS":36.6,"WD":312.0}},{"type":"Feature","geometry":{"type":"Point","coordinates":[65.0,-50.0]},"properties":{"date":"2026-09-23","WS":29.6,"WD":310.0}},{"type":"Feature","geometry":{"type":"Point","coordinates":[70.0,-50.0]},"properties":{"date":"2026-09-23","WS":27.8,"WD":293.0}},{"type":"Feature","geometry":{"type":"Point","coordinates":[75.0,-50.0]},"properties":{"date":"2026-09-23","WS":33.4,"WD":279.0}},{"type":"Feature","geometry":{"type":"Point","coordinates":[80.0,-50.0]},"properties":{"date":"2026-09-23","WS":28.7,"WD":272.0}},{"type":"Feature","geometry":{"type":"Point","coordinates":[85.0,-50.0]},"properties":{"date":"2026-09-23","WS":31.5,"WD":253.0}},{"type":"Feature","geometry":{"type":"Point","coordinates":[90.0,-50.0]},"properties":{"date":"2026-09-23","WS":38.4,"WD":247.0}},{"type":"Feature","geometry":{"type":"Point","coordinates":[95.0,-50.0]},"properties":{"date":"2026-09-23","WS":33.3,"WD":251.0}},{"type":"Feature","geometry":{"type":"Point","coordinates":[100.0,-50.0]},"properties":{"date":"2026-09-23","WS":31.0,"WD":263.0}},{"type":"Feature","geometry":{"type":"Point","coordinates":[105.0,-50.0]},"properties":{"date":"2026-09-23","WS":33.2,"WD":270.0}},{"type":"Feature","geometry":{"type":"Point","coordinates":[110.0,-50.0]},"properties":{"date":"2026-09-23","WS":28.6,"WD":281.0}},{"type":"Feature","geometry":{"type":"Point","coordinates":[115.0,-50.0]},"properties":{"date":"2026-09-23","WS":27.7,"WD":307.0}},{"type":"Feature","geometry":{"type":"Point","coordinates":[120.0,-50.0]},"properties":{"date":"2026-09-23","WS":32.1,"WD":321.0}},{"type":"Feature","geometry":{"type":"Point","coordinates":[125.0,-50.0]},"properties":{"date":"2026-09-23","WS":27.8,"WD":325.0}},{"type":"Feature","geometry":{"type":"Point","coordinates":[130.0,-50.0]},"properties":{"date":"2026-09-23","WS":24.8,"WD":336.0}},{"type":"Feature","geometry":{"type":"Point","coordinates":[135.0,-50.0]},"properties":{"date":"2026-09-23","WS":24.3,"WD":342.0}},{"type":"Feature","geometry":{"type":"Point","coordinates":[140.0,-50.0]},"properties":{"date":"2026-09-23","WS":20.4,"WD":330.0}},{"type":"Feature","geometry":{"type":"Point","coordinates":[145.0,-50.0]},"properties":{"date":"2026-09-23","WS":17.7,"WD":285.0}},{"type":"Feature","geometry":{"type":"Point","coordinates":[150.0,-50.0]},"properties":{"date":"2026-09-23","WS":25.2,"WD":252.0}},{"type":"Feature","geometry":{"type":"Point","coordinates":[155.0,-50.0]},"properties":{"date":"2026-09-23","WS":22.0,"WD":263.0}},{"type":"Feature","geometry":{"type":"Point","coordinates":[160.0,-50.0]},"properties":{"date":"2026-09-23","WS":23.8,"WD":267.0}},{"type":"Feature","geometry":{"type":"Point","coordinates":[165.0,-50.0]},"properties":{"date":"2026-09-23","WS":27.0,"WD":272.0}},{"type":"Feature","geometry":{"type":"Point","coordinates":[170.0,-50.0]},"properties":{"date":"2026-09-23","WS":25.6,"WD":257.0}},{"type":"Feature","geometry":{"type":"Point","coordinates":[175.0,-50.0]},"properties":{"date":"2026-09-23","WS":27.4,"WD":243.0}},{"type":"Feature","geometry":{"type":"Point","coordinates":[-180.0,-45.0]},"properties":{"date":"2026-09-23","WS":25.3,"WD":221.0}},{"type":"Feature","geometry":{"type":"Point","coordinates":[-175.0,-45.0]},"properties":{"date":"2026-09-23","WS":26.2,"WD":221.0}},{"type":"Feature","geometry":{"type":"Point","coordinates":[-170.0,-45.0]},"properties":{"date":"2026-09-23","WS":26.0,"WD":224.0}},{"type":"Feature","geometry":{"type":"Point","coordinates":[-165.0,-45.0]},"properties":{"date":"2026-09-23","WS":25.1,"WD":224.0}},{"type":"Feature","geometry":{"type":"Point","coordinates":[-160.0,-45.0]},"properties":{"date":"2026-09-23","WS":17.1,"WD":235.0}},{"type":"Feature","geometry":{"type":"Point","coordinates":[-155.0,-45.0]},"properties":{"date":"2026-09-23","WS":8.3,"WD":311.0}},{"type":"Feature","geometry":{"type":"Point","coordinates":[-150.0,-45.0]},"properties":{"date":"2026-09-23","WS":13.0,"WD":355.0}},{"type":"Feature","geometry":{"type":"Point","coordinates":[-145.0,-45.0]},"properties":{"date":"2026-09-23","WS":15.6,"WD":12.0}},{"type":"Feature","geometry":{"type":"Point","coordinates":[-140.0,-45.0]},"properties":{"date":"2026-09-23","WS":19.5,"WD":34.0}},{"type":"Feature","geometry":{"type":"Point","coordinates":[-135.0,-45.0]},"properties":{"date":"2026-09-23","WS":20.8,"WD":45.0}},{"type":"Feature","geometry":{"type":"Point","coordinates":[-130.0,-45.0]},"properties":{"date":"2026-09-23","WS":15.3,"WD":58.0}},{"type":"Feature","geometry":{"type":"Point","coordinates":[-125.0,-45.0]},"properties":{"date":"2026-09-23","WS":11.6,"WD":134.0}},{"type":"Feature","geometry":{"type":"Point","coordinates":[-120.0,-45.0]},"properties":{"date":"2026-09-23","WS":16.7,"WD":156.0}},{"type":"Feature","geometry":{"type":"Point","coordinates":[-115.0,-45.0]},"properties":{"date":"2026-09-23","WS":17.5,"WD":155.0}},{"type":"Feature","geometry":{"type":"Point","coordinates":[-110.0,-45.0]},"properties":{"date":"2026-09-23","WS":17.2,"WD":148.0}},{"type":"Feature","geometry":{"type":"Point","coordinates":[-105.0,-45.0]},"properties":{"date":"2026-09-23","WS":18.5,"WD":142.0}},{"type":"Feature","geometry":{"type":"Point","coordinates":[-100.0,-45.0]},"properties":{"date":"2026-09-23","WS":13.6,"WD":156.0}},{"type":"Feature","geometry":{"type":"Point","coordinates":[-95.0,-45.0]},"properties":{"date":"2026-09-23","WS":9.2,"WD":189.0}},{"type":"Feature","geometry":{"type":"Point","coordinates":[-90.0,-45.0]},"properties":{"date":"2026-09-23","WS":9.2,"WD":222.0}},{"type":"Feature","geometry":{"type":"Point","coordinates":[-85.0,-45.0]},"properties":{"date":"2026-09-23","WS":9.8,"WD":261.0}},{"type":"Feature","geometry":{"type":"Point","coordinates":[-80.0,-45.0]},"properties":{"date":"2026-09-23","WS":14.1,"WD":291.0}},{"type":"Feature","geometry":{"type":"Point","coordinates":[-75.0,-45.0]},"properties":{"date":"2026-09-23","WS":18.6,"WD":305.0}},{"type":"Feature","geometry":{"type":"Point","coordinates":[-70.0,-45.0]},"properties":{"date":"2026-09-23","WS":19.3,"WD":311.0}},{"type":"Feature","geometry":{"type":"Point","coordinates":[-65.0,-45.0]},"properties":{"date":"2026-09-23","WS":21.7,"WD":323.0}},{"type":"Feature","geometry":{"type":"Point","coordinates":[-60.0,-45.0]},"properties":{"date":"2026-09-23","WS":22.7,"WD":327.0}},{"type":"Feature","geometry":{"type":"Point","coordinates":[-55.0,-45.0]},"properties":{"date":"2026-09-23","WS":18.6,"WD":310.0}},{"type":"Feature","geometry":{"type":"Point","coordinates":[-50.0,-45.0]},"properties":{"date":"2026-09-23","WS":19.2,"WD":271.0}},{"type":"Feature","geometry":{"type":"Point","coordinates":[-45.0,-45.0]},"properties":{"date":"2026-09-23","WS":22.6,"WD":256.0}},{"type":"Feature","geometry":{"type":"Point","coordinates":[-40.0,-45.0]},"properties":{"date":"2026-09-23","WS":22.6,"WD":248.0}},{"type":"Feature","geometry":{"type":"Point","coordinates":[-35.0,-45.0]},"properties":{"date":"2026-09-23","WS":20.4,"WD":249.0}},{"type":"Feature","geometry":{"type":"Point","coordinates":[-30.0,-45.0]},"properties":{"date":"2026-09-23","WS":20.0,"WD":247.0}},{"type":"Feature","geometry":{"type":"Point","coordinates":[-25.0,-45.0]},"properties":{"date":"2026-09-23","WS":17.8,"WD":273.0}},{"type":"Feature","geometry":{"type":"Point","coordinates":[-20.0,-45.0]},"properties":{"date":"2026-09-23","WS":20.1,"WD":314.0}},{"type":"Feature","geometry":{"type":"Point","coordinates":[-15.0,-45.0]},"properties":{"date":"2026-09-23","WS":26.4,"WD":326.0}},{"type":"Feature","geometry":{"type":"Point","coordinates":[-10.0,-45.0]},"properties":{"date":"2026-09-23","WS":25.8,"WD":327.0}},{"type":"Feature","geometry":{"type":"Point","coordinates":[-5.0,-45.0]},"properties":{"date":"2026-09-23","WS":21.4,"WD":325.0}},{"type":"Feature","geometry":{"type":"Point","coordinates":[0.0,-45.0]},"properties":{"date":"2026-09-23","WS":19.5,"WD":322.0}},{"type":"Feature","geometry":{"type":"Point","coordinates":[5.0,-45.0]},"properties":{"date":"2026-09-23","WS":15.3,"WD":314.0}},{"type":"Feature","geometry":{"type":"Point","coordinates":[10.0,-45.0]},"properties":{"date":"2026-09-23","WS":14.3,"WD":288.0}},{"type":"Feature","geometry":{"type":"Point","coordinates":[15.0,-45.0]},"properties":{"date":"2026-09-23","WS":13.7,"WD":270.0}},{"type":"Feature","geometry":{"type":"Point","coordinates":[20.0,-45.0]},"properties":{"date":"2026-09-23","WS":15.6,"WD":252.0}},{"type":"Feature","geometry":{"type":"Point","coordinates":[25.0,-45.0]},"properties":{"date":"2026-09-23","WS":23.5,"WD":234.0}},{"type":"Feature","geometry":{"type":"Point","coordinates":[30.0,-45.0]},"properties":{"date":"2026-09-23","WS":27.6,"WD":234.0}},{"type":"Feature","geometry":{"type":"Point","coordinates":[35.0,-45.0]},"properties":{"date":"2026-09-23","WS":25.6,"WD":245.0}},{"type":"Feature","geometry":{"type":"Point","coordinates":[40.0,-45.0]},"properties":{"date":"2026-09-23","WS":26.7,"WD":271.0}},{"type":"Feature","geometry":{"type":"Point","coordinates":[45.0,-45.0]},"properties":{"date":"2026-09-23","WS":27.6,"WD":287.0}},{"type":"Feature","geometry":{"type":"Point","coordinates":[50.0,-45.0]},"properties":{"date":"2026-09-23","WS":26.1,"WD":296.0}},{"type":"Feature","geometry":{"type":"Point","coordinates":[55.0,-45.0]},"properties":{"date":"2026-09-23","WS":23.3,"WD":325.0}},{"type":"Feature","geometry":{"type":"Point","coordinates":[60.0,-45.0]},"properties":{"date":"2026-09-23","WS":23.4,"WD":333.0}},{"type":"Feature","geometry":{"type":"Point","coordinates":[65.0,-45.0]},"properties":{"date":"2026-09-23","WS":20.2,"WD":323.0}},{"type":"Feature","geometry":{"type":"Point","coordinates":[70.0,-45.0]},"properties":{"date":"2026-09-23","WS":18.8,"WD":291.0}},{"type":"Feature","geometry":{"type":"Point","coordinates":[75.0,-45.0]},"properties":{"date":"2026-09-23","WS":22.6,"WD":272.0}},{"type":"Feature","geometry":{"type":"Point","coordinates":[80.0,-45.0]},"properties":{"date":"2026-09-23","WS":22.4,"WD":264.0}},{"type":"Feature","geometry":{"type":"Point","coordinates":[85.0,-45.0]},"properties":{"date":"2026-09-23","WS":27.0,"WD":248.0}},{"type":"Feature","geometry":{"type":"Point","coordinates":[90.0,-45.0]},"properties":{"date":"2026-09-23","WS":29.0,"WD":244.0}},{"type":"Feature","geometry":{"type":"Point","coordinates":[95.0,-45.0]},"properties":{"date":"2026-09-23","WS":28.3,"WD":247.0}},{"type":"Feature","geometry":{"type":"Point","coordinates":[100.0,-45.0]},"properties":{"date":"2026-09-23","WS":27.5,"WD":259.0}},{"type":"Feature","geometry":{"type":"Point","coordinates":[105.0,-45.0]},"properties":{"date":"2026-09-23","WS":27.4,"WD":265.0}},{"type":"Feature","geometry":{"type":"Point","coordinates":[110.0,-45.0]},"properties":{"date":"2026-09-23","WS":24.7,"WD":275.0}},{"type":"Feature","geometry":{"type":"Point","coordinates":[115.0,-45.0]},"properties":{"date":"2026-09-23","WS":23.0,"WD":298.0}},{"type":"Feature","geometry":{"type":"Point","coordinates":[120.0,-45.0]},"properties":{"date":"2026-09-23","WS":24.0,"WD":311.0}},{"type":"Feature","geometry":{"type":"Point","coordinates":[125.0,-45.0]},"properties":{"date":"2026-09-23","WS":21.3,"WD":322.0}},{"type":"Feature","geometry":{"type":"Point","coordinates":[130.0,-45.0]},"properties":{"date":"2026-09-23","WS":20.3,"WD":345.0}},{"type":"Feature","geometry":{"type":"Point","coordinates":[135.0,-45.0]},"properties":{"date":"2026-09-23","WS":20.2,"WD":357.0}},{"type":"Feature","geometry":{"type":"Point","coordinates":[140.0,-45.0]},"properties":{"date":"2026-09-23","WS":17.1,"WD":348.0}},{"type":"Feature","geometry":{"type":"Point","coordinates":[145.0,-45.0]},"properties":{"date":"2026-09-23","WS":12.7,"WD":317.0}},{"type":"Feature","geometry":{"type":"Point","coordinates":[150.0,-45.0]},"properties":{"date":"2026-09-23","WS":13.4,"WD":296.0}},{"type":"Feature","geometry":{"type":"Point","coordinates":[155.0,-45.0]},"properties":{"date":"2026-09-23","WS":13.1,"WD":280.0}},{"type":"Feature","geometry":{"type":"Point","coordinates":[160.0,-45.0]},"properties":{"date":"2026-09-23","WS":15.3,"WD":255.0}},{"type":"Feature","geometry":{"type":"Point","coordinates":[165.0,-45.0]},"properties":{"date":"2026-09-23","WS":18.4,"WD":246.0}},{"type":"Feature","geometry":{"type":"Point","coordinates":[170.0,-45.0]},"properties":{"date":"2026-09-23","WS":19.0,"WD":236.0}},{"type":"Feature","geometry":{"type":"Point","coordinates":[175.0,-45.0]},"properties":{"date":"2026-09-23","WS":23.1,"WD":227.0}},{"type":"Feature","geometry":{"type":"Point","coordinates":[-180.0,-40.0]},"properties":{"date":"2026-09-23","WS":26.3,"WD":195.0}},{"type":"Feature","geometry":{"type":"Point","coordinates":[-175.0,-40.0]},"properties":{"date":"2026-09-23","WS":24.1,"WD":210.0}},{"type":"Feature","geometry":{"type":"Point","coordinates":[-170.0,-40.0]},"properties":{"date":"2026-09-23","WS":24.4,"WD":231.0}},{"type":"Feature","geometry":{"type":"Point","coordinates":[-165.0,-40.0]},"properties":{"date":"2026-09-23","WS":26.9,"WD":246.0}},{"type":"Feature","geometry":{"type":"Point","coordinates":[-160.0,-40.0]},"properties":{"date":"2026-09-23","WS":19.7,"WD":248.0}},{"type":"Feature","geometry":{"type":"Point","coordinates":[-155.0,-40.0]},"properties":{"date":"2026-09-23","WS":13.2,"WD":279.0}},{"type":"Feature","geometry":{"type":"Point","coordinates":[-150.0,-40.0]},"properties":{"date":"2026-09-23","WS":14.8,"WD":297.0}},{"type":"Feature","geometry":{"type":"Point","coordinates":[-145.0,-40.0]},"properties":{"date":"2026-09-23","WS":11.3,"WD":338.0}},{"type":"Feature","geometry":{"type":"Point","coordinates":[-140.0,-40.0]},"properties":{"date":"2026-09-23","WS":18.9,"WD":37.0}},{"type":"Feature","geometry":{"type":"Point","coordinates":[-135.0,-40.0]},"properties":{"date":"2026-09-23","WS":29.9,"WD":55.0}},{"type":"Feature","geometry":{"type":"Point","coordinates":[-130.0,-40.0]},"properties":{"date":"2026-09-23","WS":16.8,"WD":61.0}},{"type":"Feature","geometry":{"type":"Point","coordinates":[-125.0,-40.0]},"properties":{"date":"2026-09-23","WS":11.4,"WD":137.0}},{"type":"Feature","geometry":{"type":"Point","coordinates":[-120.0,-40.0]},"properties":{"date":"2026-09-23","WS":19.7,"WD":155.0}},{"type":"Feature","geometry":{"type":"Point","coordinates":[-115.0,-40.0]},"properties":{"date":"2026-09-23","WS":16.6,"WD":159.0}},{"type":"Feature","geometry":{"type":"Point","coordinates":[-110.0,-40.0]},"properties":{"date":"2026-09-23","WS":17.0,"WD":142.0}},{"type":"Feature","geometry":{"type":"Point","coordinates":[-105.0,-40.0]},"properties":{"date":"2026-09-23","WS":25.3,"WD":124.0}},{"type":"Feature","geometry":{"type":"Point","coordinates":[-100.0,-40.0]},"properties":{"date":"2026-09-23","WS":11.3,"WD":141.0}},{"type":"Feature","geometry":{"type":"Point","coordinates":[-95.0,-40.0]},"properties":{"date":"2026-09-23","WS":7.1,"WD":258.0}},{"type":"Feature","geometry":{"type":"Point","coordinates":[-90.0,-40.0]},"properties":{"date":"2026-09-23","WS":15.5,"WD":281.0}},{"type":"Feature","geometry":{"type":"Point","coordinates":[-85.0,-40.0]},"properties":{"date":"2026-09-23","WS":13.2,"WD":287.0}},{"type":"Feature","geometry":{"type":"Point","coordinates":[-80.0,-40.0]},"properties":{"date":"2026-09-23","WS":18.2,"WD":306.0}},{"type":"Feature","geometry":{"type":"Point","coordinates":[-75.0,-40.0]},"properties":{"date":"2026-09-23","WS":28.5,"WD":316.0}},{"type":"Feature","geometry":{"type":"Point","coordinates":[-70.0,-40.0]},"properties":{"date":"2026-09-23","WS":20.7,"WD":317.0}},{"type":"Feature","geometry":{"type":"Point","coordinates":[-65.0,-40.0]},"properties":{"date":"2026-09-23","WS":20.4,"WD":330.0}},{"type":"Feature","geometry":{"type":"Point","coordinates":[-60.0,-40.0]},"properties":{"date":"2026-09-23","WS":26.6,"WD":334.0}},{"type":"Feature","geometry":{"type":"Point","coordinates":[-55.0,-40.0]},"properties":{"date":"2026-09-23","WS":16.9,"WD":315.0}},{"type":"Feature","geometry":{"type":"Point","coordinates":[-50.0,-40.0]},"properties":{"date":"2026-09-23","WS":18.1,"WD":253.0}},{"type":"Feature","geometry":{"type":"Point","coordinates":[-45.0,-40.0]},"properties":{"date":"2026-09-23","WS":26.7,"WD":236.0}},{"type":"Feature","geometry":{"type":"Point","coordinates":[-40.0,-40.0]},"properties":{"date":"2026-09-23","WS":22.7,"WD":244.0}},{"type":"Feature","geometry":{"type":"Point","coordinates":[-35.0,-40.0]},"properties":{"date":"2026-09-23","WS":22.7,"WD":265.0}},{"type":"Feature","geometry":{"type":"Point","coordinates":[-30.0,-40.0]},"properties":{"date":"2026-09-23","WS":30.1,"WD":276.0}},{"type":"Feature","geometry":{"type":"Point","coordinates":[-25.0,-40.0]},"properties":{"date":"2026-09-23","WS":21.1,"WD":290.0}},{"type":"Feature","geometry":{"type":"Point","coordinates":[-20.0,-40.0]},"properties":{"date":"2026-09-23","WS":22.4,"WD":325.0}},{"type":"Feature","geometry":{"type":"Point","coordinates":[-15.0,-40.0]},"properties":{"date":"2026-09-23","WS":30.3,"WD":338.0}},{"type":"Feature","geometry":{"type":"Point","coordinates":[-10.0,-40.0]},"properties":{"date":"2026-09-23","WS":22.6,"WD":334.0}},{"type":"Feature","geometry":{"type":"Point","coordinates":[-5.0,-40.0]},"properties":{"date":"2026-09-23","WS":15.3,"WD":318.0}},{"type":"Feature","geometry":{"type":"Point","coordinates":[0.0,-40.0]},"properties":{"date":"2026-09-23","WS":15.5,"WD":300.0}},{"type":"Feature","geometry":{"type":"Point","coordinates":[5.0,-40.0]},"properties":{"date":"2026-09-23","WS":10.0,"WD":298.0}},{"type":"Feature","geometry":{"type":"Point","coordinates":[10.0,-40.0]},"properties":{"date":"2026-09-23","WS":5.1,"WD":200.0}},{"type":"Feature","geometry":{"type":"Point","coordinates":[15.0,-40.0]},"properties":{"date":"2026-09-23","WS":18.7,"WD":157.0}},{"type":"Feature","geometry":{"type":"Point","coordinates":[20.0,-40.0]},"properties":{"date":"2026-09-23","WS":11.6,"WD":198.0}},{"type":"Feature","geometry":{"type":"Point","coordinates":[25.0,-40.0]},"properties":{"date":"2026-09-23","WS":18.2,"WD":212.0}},{"type":"Feature","geometry":{"type":"Point","coordinates":[30.0,-40.0]},"properties":{"date":"2026-09-23","WS":25.6,"WD":197.0}},{"type":"Feature","geometry":{"type":"Point","coordinates":[35.0,-40.0]},"properties":{"date":"2026-09-23","WS":19.2,"WD":226.0}},{"type":"Feature","geometry":{"type":"Point","coordinates":[40.0,-40.0]},"properties":{"date":"2026-09-23","WS":19.1,"WD":276.0}},{"type":"Feature","geometry":{"type":"Point","coordinates":[45.0,-40.0]},"properties":{"date":"2026-09-23","WS":24.6,"WD":303.0}},{"type":"Feature","geometry":{"type":"Point","coordinates":[50.0,-40.0]},"properties":{"date":"2026-09-23","WS":18.9,"WD":309.0}},{"type":"Feature","geometry":{"type":"Point","coordinates":[55.0,-40.0]},"properties":{"date":"2026-09-23","WS":16.7,"WD":356.0}},{"type":"Feature","geometry":{"type":"Point","coordinates":[60.0,-40.0]},"properties":{"date":"2026-09-23","WS":23.5,"WD":26.0}},{"type":"Feature","geometry":{"type":"Point","coordinates":[65.0,-40.0]},"properties":{"date":"2026-09-23","WS":14.5,"WD":3.0}},{"type":"Feature","geometry":{"type":"Point","coordinates":[70.0,-40.0]},"properties":{"date":"2026-09-23","WS":9.5,"WD":283.0}},{"type":"Feature","geometry":{"type":"Point","coordinates":[75.0,-40.0]},"properties":{"date":"2026-09-23","WS":15.9,"WD":246.0}},{"type":"Feature","geometry":{"type":"Point","coordinates":[80.0,-40.0]},"properties":{"date":"2026-09-23","WS":15.9,"WD":246.0}},{"type":"Feature","geometry":{"type":"Point","coordinates":[85.0,-40.0]},"properties":{"date":"2026-09-23","WS":20.1,"WD":241.0}},{"type":"Feature","geometry":{"type":"Point","coordinates":[90.0,-40.0]},"properties":{"date":"2026-09-23","WS":24.4,"WD":241.0}},{"type":"Feature","geometry":{"type":"Point","coordinates":[95.0,-40.0]},"properties":{"date":"2026-09-23","WS":22.5,"WD":243.0}},{"type":"Feature","geometry":{"type":"Point","coordinates":[100.0,-40.0]},"properties":{"date":"2026-09-23","WS":22.5,"WD":251.0}},{"type":"Feature","geometry":{"type":"Point","coordinates":[105.0,-40.0]},"properties":{"date":"2026-09-23","WS":24.6,"WD":255.0}},{"type":"Feature","geometry":{"type":"Point","coordinates":[110.0,-40.0]},"properties":{"date":"2026-09-23","WS":20.5,"WD":264.0}},{"type":"Feature","geometry":{"type":"Point","coordinates":[115.0,-40.0]},"properties":{"date":"2026-09-23","WS":18.2,"WD":286.0}},{"type":"Feature","geometry":{"type":"Point","coordinates":[120.0,-40.0]},"properties":{"date":"2026-09-23","WS":19.5,"WD":297.0}},{"type":"Feature","geometry":{"type":"Point","coordinates":[125.0,-40.0]},"properties":{"date":"2026-09-23","WS":15.3,"WD":315.0}},{"type":"Feature","geometry":{"type":"Point","coordinates":[130.0,-40.0]},"properties":{"date":"2026-09-23","WS":15.4,"WD":1.0}},{"type":"Feature","geometry":{"type":"Point","coordinates":[135.0,-40.0]},"properties":{"date":"2026-09-23","WS":20.3,"WD":22.0}},{"type":"Feature","geometry":{"type":"Point","coordinates":[140.0,-40.0]},"properties":{"date":"2026-09-23","WS":15.8,"WD":11.0}},{"type":"Feature","geometry":{"type":"Point","coordinates":[145.0,-40.0]},"properties":{"date":"2026-09-23","WS":14.0,"WD":358.0}},{"type":"Feature","geometry":{"type":"Point","coordinates":[150.0,-40.0]},"properties":{"date":"2026-09-23","WS":18.4,"WD":2.0}},{"type":"Feature","geometry":{"type":"Point","coordinates":[155.0,-40.0]},"properties":{"date":"2026-09-23","WS":7.5,"WD":335.0}},{"type":"Feature","geometry":{"type":"Point","coordinates":[160.0,-40.0]},"properties":{"date":"2026-09-23","WS":8.4,"WD":222.0}},{"type":"Feature","geometry":{"type":"Point","coordinates":[165.0,-40.0]},"properties":{"date":"2026-09-23","WS":15.8,"WD":205.0}},{"type":"Feature","geometry":{"type":"Point","coordinates":[170.0,-40.0]},"properties":{"date":"2026-09-23","WS":16.0,"WD":207.0}},{"type":"Feature","geometry":{"type":"Point","coordinates":[175.0,-40.0]},"properties":{"date":"2026-09-23","WS":21.3,"WD":203.0}},{"type":"Feature","geometry":{"type":"Point","coordinates":[-180.0,-35.0]},"properties":{"date":"2026-09-23","WS":21.7,"WD":197.0}},{"type":"Feature","geometry":{"type":"Point","coordinates":[-175.0,-35.0]},"properties":{"date":"2026-09-23","WS":19.8,"WD":208.0}},{"type":"Feature","geometry":{"type":"Point","coordinates":[-170.0,-35.0]},"properties":{"date":"2026-09-23","WS":19.4,"WD":230.0}},{"type":"Feature","geometry":{"type":"Point","coordinates":[-165.0,-35.0]},"properties":{"date":"2026-09-23","WS":20.8,"WD":246.0}},{"type":"Feature","geometry":{"type":"Point","coordinates":[-160.0,-35.0]},"properties":{"date":"2026-09-23","WS":18.9,"WD":251.0}},{"type":"Feature","geometry":{"type":"Point","coordinates":[-155.0,-35.0]},"properties":{"date":"2026-09-23","WS":15.3,"WD":277.0}},{"type":"Feature","geometry":{"type":"Point","coordinates":[-150.0,-35.0]},"properties":{"date":"2026-09-23","WS":14.0,"WD":292.0}},{"type":"Feature","geometry":{"type":"Point","coordinates":[-145.0,-35.0]},"properties":{"date":"2026-09-23","WS":11.2,"WD":317.0}},{"type":"Feature","geometry":{"type":"Point","coordinates":[-140.0,-35.0]},"properties":{"date":"2026-09-23","WS":13.4,"WD":12.0}},{"type":"Feature","geometry":{"type":"Point","coordinates":[-135.0,-35.0]},"properties":{"date":"2026-09-23","WS":17.5,"WD":29.0}},{"type":"Feature","geometry":{"type":"Point","coordinates":[-130.0,-35.0]},"properties":{"date":"2026-09-23","WS":10.7,"WD":40.0}},{"type":"Feature","geometry":{"type":"Point","coordinates":[-125.0,-35.0]},"properties":{"date":"2026-09-23","WS":7.7,"WD":165.0}},{"type":"Feature","geometry":{"type":"Point","coordinates":[-120.0,-35.0]},"properties":{"date":"2026-09-23","WS":14.0,"WD":183.0}},{"type":"Feature","geometry":{"type":"Point","coordinates":[-115.0,-35.0]},"properties":{"date":"2026-09-23","WS":13.6,"WD":183.0}},{"type":"Feature","geometry":{"type":"Point","coordinates":[-110.0,-35.0]},"properties":{"date":"2026-09-23","WS":8.5,"WD":187.0}},{"type":"Feature","geometry":{"type":"Point","coordinates":[-105.0,-35.0]},"properties":{"date":"2026-09-23","WS":6.4,"WD":199.0}},{"type":"Feature","geometry":{"type":"Point","coordinates":[-100.0,-35.0]},"properties":{"date":"2026-09-23","WS":4.3,"WD":246.0}},{"type":"Feature","geometry":{"type":"Point","coordinates":[-95.0,-35.0]},"properties":{"date":"2026-09-23","WS":8.5,"WD":297.0}},{"type":"Feature","geometry":{"type":"Point","coordinates":[-90.0,-35.0]},"properties":{"date":"2026-09-23","WS":13.1,"WD":309.0}},{"type":"Feature","geometry":{"type":"Point","coordinates":[-85.0,-35.0]},"properties":{"date":"2026-09-23","WS":11.9,"WD":302.0}},{"type":"Feature","geometry":{"type":"Point","coordinates":[-80.0,-35.0]},"properties":{"date":"2026-09-23","WS":11.9,"WD":296.0}},{"type":"Feature","geometry":{"type":"Point","coordinates":[-75.0,-35.0]},"properties":{"date":"2026-09-23","WS":10.4,"WD":289.0}},{"type":"Feature","geometry":{"type":"Point","coordinates":[-70.0,-35.0]},"properties":{"date":"2026-09-23","WS":10.0,"WD":307.0}},{"type":"Feature","geometry":{"type":"Point","coordinates":[-65.0,-35.0]},"properties":{"date":"2026-09-23","WS":11.7,"WD":336.0}},{"type":"Feature","geometry":{"type":"Point","coordinates":[-60.0,-35.0]},"properties":{"date":"2026-09-23","WS":11.7,"WD":340.0}},{"type":"Feature","geometry":{"type":"Point","coordinates":[-55.0,-35.0]},"properties":{"date":"2026-09-23","WS":8.5,"WD":309.0}},{"type":"Feature","geometry":{"type":"Point","coordinates":[-50.0,-35.0]},"properties":{"date":"2026-09-23","WS":15.8,"WD":239.0}},{"type":"Feature","geometry":{"type":"Point","coordinates":[-45.0,-35.0]},"properties":{"date":"2026-09-23","WS":22.7,"WD":231.0}},{"type":"Feature","geometry":{"type":"Point","coordinates":[-40.0,-35.0]},"properties":{"date":"2026-09-23","WS":19.4,"WD":244.0}},{"type":"Feature","geometry":{"type":"Point","coordinates":[-35.0,-35.0]},"properties":{"date":"2026-09-23","WS":16.3,"WD":280.0}},{"type":"Feature","geometry":{"type":"Point","coordinates":[-30.0,-35.0]},"properties":{"date":"2026-09-23","WS":19.0,"WD":302.0}},{"type":"Feature","geometry":{"type":"Point","coordinates":[-25.0,-35.0]},"properties":{"date":"2026-09-23","WS":17.3,"WD":315.0}},{"type":"Feature","geometry":{"type":"Point","coordinates":[-20.0,-35.0]},"properties":{"date":"2026-09-23","WS":18.1,"WD":338.0}},{"type":"Feature","geometry":{"type":"Point","coordinates":[-15.0,-35.0]},"properties":{"date":"2026-09-23","WS":18.7,"WD":350.0}},{"type":"Feature","geometry":{"type":"Point","coordinates":[-10.0,-35.0]},"properties":{"date":"2026-09-23","WS":12.7,"WD":352.0}},{"type":"Feature","geometry":{"type":"Point","coordinates":[-5.0,-35.0]},"properties":{"date":"2026-09-23","WS":4.3,"WD":351.0}},{"type":"Feature","geometry":{"type":"Point","coordinates":[0.0,-35.0]},"properties":{"date":"2026-09-23","WS":1.3,"WD":172.0}},{"type":"Feature","geometry":{"type":"Point","coordinates":[5.0,-35.0]},"properties":{"date":"2026-09-23","WS":1.9,"WD":161.0}},{"type":"Feature","geometry":{"type":"Point","coordinates":[10.0,-35.0]},"properties":{"date":"2026-09-23","WS":3.5,"WD":185.0}},{"type":"Feature","geometry":{"type":"Point","coordinates":[15.0,-35.0]},"properties":{"date":"2026-09-23","WS":3.8,"WD":172.0}},{"type":"Feature","geometry":{"type":"Point","coordinates":[20.0,-35.0]},"properties":{"date":"2026-09-23","WS":6.3,"WD":203.0}},{"type":"Feature","geometry":{"type":"Point","coordinates":[25.0,-35.0]},"properties":{"date":"2026-09-23","WS":12.2,"WD":209.0}},{"type":"Feature","geometry":{"type":"Point","coordinates":[30.0,-35.0]},"properties":{"date":"2026-09-23","WS":14.0,"WD":217.0}},{"type":"Feature","geometry":{"type":"Point","coordinates":[35.0,-35.0]},"properties":{"date":"2026-09-23","WS":13.6,"WD":224.0}},{"type":"Feature","geometry":{"type":"Point","coordinates":[40.0,-35.0]},"properties":{"date":"2026-09-23","WS":12.6,"WD":256.0}},{"type":"Feature","geometry":{"type":"Point","coordinates":[45.0,-35.0]},"properties":{"date":"2026-09-23","WS":11.9,"WD":270.0}},{"type":"Feature","geometry":{"type":"Point","coordinates":[50.0,-35.0]},"properties":{"date":"2026-09-23","WS":8.8,"WD":303.0}},{"type":"Feature","geometry":{"type":"Point","coordinates":[55.0,-35.0]},"properties":{"date":"2026-09-23","WS":13.1,"WD":16.0}},{"type":"Feature","geometry":{"type":"Point","coordinates":[60.0,-35.0]},"properties":{"date":"2026-09-23","WS":17.9,"WD":28.0}},{"type":"Feature","geometry":{"type":"Point","coordinates":[65.0,-35.0]},"properties":{"date":"2026-09-23","WS":13.1,"WD":30.0}},{"type":"Feature","geometry":{"type":"Point","coordinates":[70.0,-35.0]},"properties":{"date":"2026-09-23","WS":2.6,"WD":51.0}},{"type":"Feature","geometry":{"type":"Point","coordinates":[75.0,-35.0]},"properties":{"date":"2026-09-23","WS":4.0,"WD":198.0}},{"type":"Feature","geometry":{"type":"Point","coordinates":[80.0,-35.0]},"properties":{"date":"2026-09-23","WS":6.5,"WD":208.0}},{"type":"Feature","geometry":{"type":"Point","coordinates":[85.0,-35.0]},"properties":{"date":"2026-09-23","WS":11.8,"WD":214.0}},{"type":"Feature","geometry":{"type":"Point","coordinates":[90.0,-35.0]},"properties":{"date":"2026-09-23","WS":14.4,"WD":220.0}},{"type":"Feature","geometry":{"type":"Point","coordinates":[95.0,-35.0]},"properties":{"date":"2026-09-23","WS":14.3,"WD":223.0}},{"type":"Feature","geometry":{"type":"Point","coordinates":[100.0,-35.0]},"properties":{"date":"2026-09-23","WS":14.2,"WD":236.0}},{"type":"Feature","geometry":{"type":"Point","coordinates":[105.0,-35.0]},"properties":{"date":"2026-09-23","WS":14.7,"WD":240.0}},{"type":"Feature","geometry":{"type":"Point","coordinates":[110.0,-35.0]},"properties":{"date":"2026-09-23","WS":13.6,"WD":248.0}},{"type":"Feature","geometry":{"type":"Point","coordinates":[115.0,-35.0]},"properties":{"date":"2026-09-23","WS":12.5,"WD":271.0}},{"type":"Feature","geometry":{"type":"Point","coordinates":[120.0,-35.0]},"properties":{"date":"2026-09-23","WS":10.7,"WD":284.0}},{"type":"Feature","geometry":{"type":"Point","coordinates":[125.0,-35.0]},"properties":{"date":"2026-09-23","WS":8.8,"WD":308.0}},{"type":"Feature","geometry":{"type":"Point","coordinates":[130.0,-35.0]},"properties":{"date":"2026-09-23","WS":9.8,"WD":16.0}},{"type":"Feature","geometry":{"type":"Point","coordinates":[135.0,-35.0]},"properties":{"date":"2026-09-23","WS":14.6,"WD":27.0}},{"type":"Feature","geometry":{"type":"Point","coordinates":[140.0,-35.0]},"properties":{"date":"2026-09-23","WS":14.0,"WD":27.0}},{"type":"Feature","geometry":{"type":"Point","coordinates":[145.0,-35.0]},"properties":{"date":"2026-09-23","WS":10.7,"WD":21.0}},{"type":"Feature","geometry":{"type":"Point","coordinates":[150.0,-35.0]},"properties":{"date":"2026-09-23","WS":10.9,"WD":16.0}},{"type":"Feature","geometry":{"type":"Point","coordinates":[155.0,-35.0]},"properties":{"date":"2026-09-23","WS":4.6,"WD":41.0}},{"type":"Feature","geometry":{"type":"Point","coordinates":[160.0,-35.0]},"properties":{"date":"2026-09-23","WS":6.5,"WD":145.0}},{"type":"Feature","geometry":{"type":"Point","coordinates":[165.0,-35.0]},"properties":{"date":"2026-09-23","WS":13.1,"WD":163.0}},{"type":"Feature","geometry":{"type":"Point","coordinates":[170.0,-35.0]},"properties":{"date":"2026-09-23","WS":14.1,"WD":174.0}},{"type":"Feature","geometry":{"type":"Point","coordinates":[175.0,-35.0]},"properties":{"date":"2026-09-23","WS":19.1,"WD":188.0}},{"type":"Feature","geometry":{"type":"Point","coordinates":[-180.0,-30.0]},"properties":{"date":"2026-09-23","WS":19.6,"WD":192.0}},{"type":"Feature","geometry":{"type":"Point","coordinates":[-175.0,-30.0]},"properties":{"date":"2026-09-23","WS":16.4,"WD":197.0}},{"type":"Feature","geometry":{"type":"Point","coordinates":[-170.0,-30.0]},"properties":{"date":"2026-09-23","WS":14.0,"WD":234.0}},{"type":"Feature","geometry":{"type":"Point","coordinates":[-165.0,-30.0]},"properties":{"date":"2026-09-23","WS":18.2,"WD":262.0}},{"type":"Feature","geometry":{"type":"Point","coordinates":[-160.0,-30.0]},"properties":{"date":"2026-09-23","WS":15.0,"WD":259.0}},{"type":"Feature","geometry":{"type":"Point","coordinates":[-155.0,-30.0]},"properties":{"date":"2026-09-23","WS":16.0,"WD":267.0}},{"type":"Feature","geometry":{"type":"Point","coordinates":[-150.0,-30.0]},"properties":{"date":"2026-09-23","WS":22.0,"WD":269.0}},{"type":"Feature","geometry":{"type":"Point","coordinates":[-145.0,-30.0]},"properties":{"date":"2026-09-23","WS":11.8,"WD":292.0}},{"type":"Feature","geometry":{"type":"Point","coordinates":[-140.0,-30.0]},"properties":{"date":"2026-09-23","WS":12.8,"WD":346.0}},{"type":"Feature","geometry":{"type":"Point","coordinates":[-135.0,-30.0]},"properties":{"date":"2026-09-23","WS":20.4,"WD":341.0}},{"type":"Feature","geometry":{"type":"Point","coordinates":[-130.0,-30.0]},"properties":{"date":"2026-09-23","WS":8.0,"WD":357.0}},{"type":"Feature","geometry":{"type":"Point","coordinates":[-125.0,-30.0]},"properties":{"date":"2026-09-23","WS":7.9,"WD":206.0}},{"type":"Feature","geometry":{"type":"Point","coordinates":[-120.0,-30.0]},"properties":{"date":"2026-09-23","WS":18.5,"WD":219.0}},{"type":"Feature","geometry":{"type":"Point","coordinates":[-115.0,-30.0]},"properties":{"date":"2026-09-23","WS":13.1,"WD":213.0}},{"type":"Feature","geometry":{"type":"Point","coordinates":[-110.0,-30.0]},"properties":{"date":"2026-09-23","WS":12.3,"WD":252.0}},{"type":"Feature","geometry":{"type":"Point","coordinates":[-105.0,-30.0]},"properties":{"date":"2026-09-23","WS":23.5,"WD":273.0}},{"type":"Feature","geometry":{"type":"Point","coordinates":[-100.0,-30.0]},"properties":{"date":"2026-09-23","WS":12.8,"WD":282.0}},{"type":"Feature","geometry":{"type":"Point","coordinates":[-95.0,-30.0]},"properties":{"date":"2026-09-23","WS":12.9,"WD":320.0}},{"type":"Feature","geometry":{"type":"Point","coordinates":[-90.0,-30.0]},"properties":{"date":"2026-09-23","WS":22.2,"WD":329.0}},{"type":"Feature","geometry":{"type":"Point","coordinates":[-85.0,-30.0]},"properties":{"date":"2026-09-23","WS":11.8,"WD":322.0}},{"type":"Feature","geometry":{"type":"Point","coordinates":[-80.0,-30.0]},"properties":{"date":"2026-09-23","WS":5.1,"WD":235.0}},{"type":"Feature","geometry":{"type":"Point","coordinates":[-75.0,-30.0]},"properties":{"date":"2026-09-23","WS":13.2,"WD":191.0}},{"type":"Feature","geometry":{"type":"Point","coordinates":[-70.0,-30.0]},"properties":{"date":"2026-09-23","WS":4.4,"WD":211.0}},{"type":"Feature","geometry":{"type":"Point","coordinates":[-65.0,-30.0]},"properties":{"date":"2026-09-23","WS":3.6,"WD":25.0}},{"type":"Feature","geometry":{"type":"Point","coordinates":[-60.0,-30.0]},"properties":{"date":"2026-09-23","WS":8.2,"WD":55.0}},{"type":"Feature","geometry":{"type":"Point","coordinates":[-55.0,-30.0]},"properties":{"date":"2026-09-23","WS":0.8,"WD":260.0}},{"type":"Feature","geometry":{"type":"Point","coordinates":[-50.0,-30.0]},"properties":{"date":"2026-09-23","WS":15.3,"WD":219.0}},{"type":"Feature","geometry":{"type":"Point","coordinates":[-45.0,-30.0]},"properties":{"date":"2026-09-23","WS":25.2,"WD":213.0}},{"type":"Feature","geometry":{"type":"Point","coordinates":[-40.0,-30.0]},"properties":{"date":"2026-09-23","WS":15.5,"WD":232.0}},{"type":"Feature","geometry":{"type":"Point","coordinates":[-35.0,-30.0]},"properties":{"date":"2026-09-23","WS":13.6,"WD":315.0}},{"type":"Feature","geometry":{"type":"Point","coordinates":[-30.0,-30.0]},"properties":{"date":"2026-09-23","WS":25.1,"WD":343.0}},{"type":"Feature","geometry":{"type":"Point","coordinates":[-25.0,-30.0]},"properties":{"date":"2026-09-23","WS":17.7,"WD":344.0}},{"type":"Feature","geometry":{"type":"Point","coordinates":[-20.0,-30.0]},"properties":{"date":"2026-09-23","WS":12.6,"WD":7.0}},{"type":"Feature","geometry":{"type":"Point","coordinates":[-15.0,-30.0]},"properties":{"date":"2026-09-23","WS":13.0,"WD":28.0}},{"type":"Feature","geometry":{"type":"Point","coordinates":[-10.0,-30.0]},"properties":{"date":"2026-09-23","WS":8.8,"WD":40.0}},{"type":"Feature","geometry":{"type":"Point","coordinates":[-5.0,-30.0]},"properties":{"date":"2026-09-23","WS":10.1,"WD":116.0}},{"type":"Feature","geometry":{"type":"Point","coordinates":[0.0,-30.0]},"properties":{"date":"2026-09-23","WS":21.6,"WD":133.0}},{"type":"Feature","geometry":{"type":"Point","coordinates":[5.0,-30.0]},"properties":{"date":"2026-09-23","WS":11.4,"WD":136.0}},{"type":"Feature","geometry":{"type":"Point","coordinates":[10.0,-30.0]},"properties":{"date":"2026-09-23","WS":1.1,"WD":107.0}},{"type":"Feature","geometry":{"type":"Point","coordinates":[15.0,-30.0]},"properties":{"date":"2026-09-23","WS":8.6,"WD":343.0}},{"type":"Feature","geometry":{"type":"Point","coordinates":[20.0,-30.0]},"properties":{"date":"2026-09-23","WS":1.9,"WD":244.0}},{"type":"Feature","geometry":{"type":"Point","coordinates":[25.0,-30.0]},"properties":{"date":"2026-09-23","WS":6.4,"WD":218.0}},{"type":"Feature","geometry":{"type":"Point","coordinates":[30.0,-30.0]},"properties":{"date":"2026-09-23","WS":7.7,"WD":255.0}},{"type":"Feature","geometry":{"type":"Point","coordinates":[35.0,-30.0]},"properties":{"date":"2026-09-23","WS":8.3,"WD":231.0}},{"type":"Feature","geometry":{"type":"Point","coordinates":[40.0,-30.0]},"properties":{"date":"2026-09-23","WS":10.1,"WD":215.0}},{"type":"Feature","geometry":{"type":"Point","coordinates":[45.0,-30.0]},"properties":{"date":"2026-09-23","WS":14.4,"WD":192.0}},{"type":"Feature","geometry":{"type":"Point","coordinates":[50.0,-30.0]},"properties":{"date":"2026-09-23","WS":3.1,"WD":207.0}},{"type":"Feature","geometry":{"type":"Point","coordinates":[55.0,-30.0]},"properties":{"date":"2026-09-23","WS":11.5,"WD":40.0}},{"type":"Feature","geometry":{"type":"Point","coordinates":[60.0,-30.0]},"properties":{"date":"2026-09-23","WS":20.3,"WD":43.0}},{"type":"Feature","geometry":{"type":"Point","coordinates":[65.0,-30.0]},"properties":{"date":"2026-09-23","WS":14.8,"WD":54.0}},{"type":"Feature","geometry":{"type":"Point","coordinates":[70.0,-30.0]},"properties":{"date":"2026-09-23","WS":11.2,"WD":88.0}},{"type":"Feature","geometry":{"type":"Point","coordinates":[75.0,-30.0]},"properties":{"date":"2026-09-23","WS":13.9,"WD":104.0}},{"type":"Feature","geometry":{"type":"Point","coordinates":[80.0,-30.0]},"properties":{"date":"2026-09-23","WS":9.7,"WD":124.0}},{"type":"Feature","geometry":{"type":"Point","coordinates":[85.0,-30.0]},"properties":{"date":"2026-09-23","WS":9.9,"WD":155.0}},{"type":"Feature","geometry":{"type":"Point","coordinates":[90.0,-30.0]},"properties":{"date":"2026-09-23","WS":12.0,"WD":155.0}},{"type":"Feature","geometry":{"type":"Point","coordinates":[95.0,-30.0]},"properties":{"date":"2026-09-23","WS":10.1,"WD":175.0}},{"type":"Feature","geometry":{"type":"Point","coordinates":[100.0,-30.0]},"properties":{"date":"2026-09-23","WS":9.2,"WD":196.0}},{"type":"Feature","geometry":{"type":"Point","coordinates":[105.0,-30.0]},"properties":{"date":"2026-09-23","WS":8.7,"WD":203.0}},{"type":"Feature","geometry":{"type":"Point","coordinates":[110.0,-30.0]},"properties":{"date":"2026-09-23","WS":8.1,"WD":220.0}},{"type":"Feature","geometry":{"type":"Point","coordinates":[115.0,-30.0]},"properties":{"date":"2026-09-23","WS":8.7,"WD":233.0}},{"type":"Feature","geometry":{"type":"Point","coordinates":[120.0,-30.0]},"properties":{"date":"2026-09-23","WS":10.9,"WD":215.0}},{"type":"Feature","geometry":{"type":"Point","coordinates":[125.0,-30.0]},"properties":{"date":"2026-09-23","WS":3.5,"WD":252.0}},{"type":"Feature","geometry":{"type":"Point","coordinates":[130.0,-30.0]},"properties":{"date":"2026-09-23","WS":7.2,"WD":41.0}},{"type":"Feature","geometry":{"type":"Point","coordinates":[135.0,-30.0]},"properties":{"date":"2026-09-23","WS":12.6,"WD":52.0}},{"type":"Feature","geometry":{"type":"Point","coordinates":[140.0,-30.0]},"properties":{"date":"2026-09-23","WS":11.6,"WD":53.0}},{"type":"Feature","geometry":{"type":"Point","coordinates":[145.0,-30.0]},"properties":{"date":"2026-09-23","WS":9.7,"WD":51.0}},{"type":"Feature","geometry":{"type":"Point","coordinates":[150.0,-30.0]},"properties":{"date":"2026-09-23","WS":8.0,"WD":43.0}},{"type":"Feature","geometry":{"type":"Point","coordinates":[155.0,-30.0]},"properties":{"date":"2026-09-23","WS":8.2,"WD":82.0}},{"type":"Feature","geometry":{"type":"Point","coordinates":[160.0,-30.0]},"properties":{"date":"2026-09-23","WS":14.4,"WD":118.0}},{"type":"Feature","geometry":{"type":"Point","coordinates":[165.0,-30.0]},"properties":{"date":"2026-09-23","WS":20.7,"WD":121.0}},{"type":"Feature","geometry":{"type":"Point","coordinates":[170.0,-30.0]},"properties":{"date":"2026-09-23","WS":16.9,"WD":141.0}},{"type":"Feature","geometry":{"type":"Point","coordinates":[175.0,-30.0]},"properties":{"date":"2026-09-23","WS":17.1,"WD":174.0}},{"type":"Feature","geometry":{"type":"Point","coordinates":[-180.0,-25.0]},"properties":{"date":"2026-09-23","WS":15.1,"WD":163.0}},{"type":"Feature","geometry":{"type":"Point","coordinates":[-175.0,-25.0]},"properties":{"date":"2026-09-23","WS":12.7,"WD":170.0}},{"type":"Feature","geometry":{"type":"Point","coordinates":[-170.0,-25.0]},"properties":{"date":"2026-09-23","WS":9.0,"WD":198.0}},{"type":"Feature","geometry":{"type":"Point","coordinates":[-165.0,-25.0]},"properties":{"date":"2026-09-23","WS":7.8,"WD":218.0}},{"type":"Feature","geometry":{"type":"Point","coordinates":[-160.0,-25.0]},"properties":{"date":"2026-09-23","WS":7.7,"WD":234.0}},{"type":"Feature","geometry":{"type":"Point","coordinates":[-155.0,-25.0]},"properties":{"date":"2026-09-23","WS":6.9,"WD":263.0}},{"type":"Feature","geometry":{"type":"Point","coordinates":[-150.0,-25.0]},"properties":{"date":"2026-09-23","WS":7.5,"WD":278.0}},{"type":"Feature","geometry":{"type":"Point","coordinates":[-145.0,-25.0]},"properties":{"date":"2026-09-23","WS":5.7,"WD":299.0}},{"type":"Feature","geometry":{"type":"Point","coordinates":[-140.0,-25.0]},"properties":{"date":"2026-09-23","WS":6.9,"WD":17.0}},{"type":"Feature","geometry":{"type":"Point","coordinates":[-135.0,-25.0]},"properties":{"date":"2026-09-23","WS":8.0,"WD":20.0}},{"type":"Feature","geometry":{"type":"Point","coordinates":[-130.0,-25.0]},"properties":{"date":"2026-09-23","WS":4.3,"WD":45.0}},{"type":"Feature","geometry":{"type":"Point","coordinates":[-125.0,-25.0]},"properties":{"date":"2026-09-23","WS":7.5,"WD":188.0}},{"type":"Feature","geometry":{"type":"Point","coordinates":[-120.0,-25.0]},"properties":{"date":"2026-09-23","WS":11.5,"WD":198.0}},{"type":"Feature","geometry":{"type":"Point","coordinates":[-115.0,-25.0]},"properties":{"date":"2026-09-23","WS":10.1,"WD":213.0}},{"type":"Feature","geometry":{"type":"Point","coordinates":[-110.0,-25.0]},"properties":{"date":"2026-09-23","WS":8.8,"WD":260.0}},{"type":"Feature","geometry":{"type":"Point","coordinates":[-105.0,-25.0]},"properties":{"date":"2026-09-23","WS":12.0,"WD":287.0}},{"type":"Feature","geometry":{"type":"Point","coordinates":[-100.0,-25.0]},"properties":{"date":"2026-09-23","WS":8.1,"WD":299.0}},{"type":"Feature","geometry":{"type":"Point","coordinates":[-95.0,-25.0]},"properties":{"date":"2026-09-23","WS":7.0,"WD":332.0}},{"type":"Feature","geometry":{"type":"Point","coordinates":[-90.0,-25.0]},"properties":{"date":"2026-09-23","WS":6.2,"WD":358.0}},{"type":"Feature","geometry":{"type":"Point","coordinates":[-85.0,-25.0]},"properties":{"date":"2026-09-23","WS":2.6,"WD":28.0}},{"type":"Feature","geometry":{"type":"Point","coordinates":[-80.0,-25.0]},"properties":{"date":"2026-09-23","WS":3.3,"WD":170.0}},{"type":"Feature","geometry":{"type":"Point","coordinates":[-75.0,-25.0]},"properties":{"date":"2026-09-23","WS":8.0,"WD":169.0}},{"type":"Feature","geometry":{"type":"Point","coordinates":[-70.0,-25.0]},"properties":{"date":"2026-09-23","WS":6.0,"WD":165.0}},{"type":"Feature","geometry":{"type":"Point","coordinates":[-65.0,-25.0]},"properties":{"date":"2026-09-23","WS":4.0,"WD":128.0}},{"type":"Feature","geometry":{"type":"Point","coordinates":[-60.0,-25.0]},"properties":{"date":"2026-09-23","WS":3.8,"WD":116.0}},{"type":"Feature","geometry":{"type":"Point","coordinates":[-55.0,-25.0]},"properties":{"date":"2026-09-23","WS":3.6,"WD":173.0}},{"type":"Feature","geometry":{"type":"Point","coordinates":[-50.0,-25.0]},"properties":{"date":"2026-09-23","WS":11.5,"WD":206.0}},{"type":"Feature","geometry":{"type":"Point","coordinates":[-45.0,-25.0]},"properties":{"date":"2026-09-23","WS":13.9,"WD":213.0}},{"type":"Feature","geometry":{"type":"Point","coordinates":[-40.0,-25.0]},"properties":{"date":"2026-09-23","WS":8.2,"WD":226.0}},{"type":"Feature","geometry":{"type":"Point","coordinates":[-35.0,-25.0]},"properties":{"date":"2026-09-23","WS":7.5,"WD":340.0}},{"type":"Feature","geometry":{"type":"Point","coordinates":[-30.0,-25.0]},"properties":{"date":"2026-09-23","WS":14.5,"WD":4.0}},{"type":"Feature","geometry":{"type":"Point","coordinates":[-25.0,-25.0]},"properties":{"date":"2026-09-23","WS":11.8,"WD":12.0}},{"type":"Feature","geometry":{"type":"Point","coordinates":[-20.0,-25.0]},"properties":{"date":"2026-09-23","WS":10.8,"WD":47.0}},{"type":"Feature","geometry":{"type":"Point","coordinates":[-15.0,-25.0]},"properties":{"date":"2026-09-23","WS":11.1,"WD":64.0}},{"type":"Feature","geometry":{"type":"Point","coordinates":[-10.0,-25.0]},"properties":{"date":"2026-09-23","WS":10.7,"WD":87.0}},{"type":"Feature","geometry":{"type":"Point","coordinates":[-5.0,-25.0]},"properties":{"date":"2026-09-23","WS":11.8,"WD":118.0}},{"type":"Feature","geometry":{"type":"Point","coordinates":[0.0,-25.0]},"properties":{"date":"2026-09-23","WS":12.7,"WD":126.0}},{"type":"Feature","geometry":{"type":"Point","coordinates":[5.0,-25.0]},"properties":{"date":"2026-09-23","WS":9.6,"WD":133.0}},{"type":"Feature","geometry":{"type":"Point","coordinates":[10.0,-25.0]},"properties":{"date":"2026-09-23","WS":5.1,"WD":148.0}},{"type":"Feature","geometry":{"type":"Point","coordinates":[15.0,-25.0]},"properties":{"date":"2026-09-23","WS":2.6,"WD":182.0}},{"type":"Feature","geometry":{"type":"Point","coordinates":[20.0,-25.0]},"properties":{"date":"2026-09-23","WS":3.0,"WD":191.0}},{"type":"Feature","geometry":{"type":"Point","coordinates":[25.0,-25.0]},"properties":{"date":"2026-09-23","WS":4.7,"WD":190.0}},{"type":"Feature","geometry":{"type":"Point","coordinates":[30.0,-25.0]},"properties":{"date":"2026-09-23","WS":5.7,"WD":187.0}},{"type":"Feature","geometry":{"type":"Point","coordinates":[35.0,-25.0]},"properties":{"date":"2026-09-23","WS":6.4,"WD":198.0}},{"type":"Feature","geometry":{"type":"Point","coordinates":[40.0,-25.0]},"properties":{"date":"2026-09-23","WS":6.5,"WD":224.0}},{"type":"Feature","geometry":{"type":"Point","coordinates":[45.0,-25.0]},"properties":{"date":"2026-09-23","WS":7.0,"WD":228.0}},{"type":"Feature","geometry":{"type":"Point","coordinates":[50.0,-25.0]},"properties":{"date":"2026-09-23","WS":2.3,"WD":207.0}},{"type":"Feature","geometry":{"type":"Point","coordinates":[55.0,-25.0]},"properties":{"date":"2026-09-23","WS":9.1,"WD":71.0}},{"type":"Feature","geometry":{"type":"Point","coordinates":[60.0,-25.0]},"properties":{"date":"2026-09-23","WS":14.9,"WD":68.0}},{"type":"Feature","geometry":{"type":"Point","coordinates":[65.0,-25.0]},"properties":{"date":"2026-09-23","WS":15.0,"WD":75.0}},{"type":"Feature","geometry":{"type":"Point","coordinates":[70.0,-25.0]},"properties":{"date":"2026-09-23","WS":14.2,"WD":96.0}},{"type":"Feature","geometry":{"type":"Point","coordinates":[75.0,-25.0]},"properties":{"date":"2026-09-23","WS":15.5,"WD":104.0}},{"type":"Feature","geometry":{"type":"Point","coordinates":[80.0,-25.0]},"properties":{"date":"2026-09-23","WS":14.3,"WD":113.0}},{"type":"Feature","geometry":{"type":"Point","coordinates":[85.0,-25.0]},"properties":{"date":"2026-09-23","WS":13.2,"WD":127.0}},{"type":"Feature","geometry":{"type":"Point","coordinates":[90.0,-25.0]},"properties":{"date":"2026-09-23","WS":12.7,"WD":137.0}},{"type":"Feature","geometry":{"type":"Point","coordinates":[95.0,-25.0]},"properties":{"date":"2026-09-23","WS":12.2,"WD":142.0}},{"type":"Feature","geometry":{"type":"Point","coordinates":[100.0,-25.0]},"properties":{"date":"2026-09-23","WS":10.5,"WD":150.0}},{"type":"Feature","geometry":{"type":"Point","coordinates":[105.0,-25.0]},"properties":{"date":"2026-09-23","WS":9.1,"WD":158.0}},{"type":"Feature","geometry":{"type":"Point","coordinates":[110.0,-25.0]},"properties":{"date":"2026-09-23","WS":7.0,"WD":171.0}},{"type":"Feature","geometry":{"type":"Point","coordinates":[115.0,-25.0]},"properties":{"date":"2026-09-23","WS":4.8,"WD":236.0}},{"type":"Feature","geometry":{"type":"Point","coordinates":[120.0,-25.0]},"properties":{"date":"2026-09-23","WS":5.5,"WD":263.0}},{"type":"Feature","geometry":{"type":"Point","coordinates":[125.0,-25.0]},"properties":{"date":"2026-09-23","WS":2.7,"WD":269.0}},{"type":"Feature","geometry":{"type":"Point","coordinates":[130.0,-25.0]},"properties":{"date":"2026-09-23","WS":6.6,"WD":77.0}},{"type":"Feature","geometry":{"type":"Point","coordinates":[135.0,-25.0]},"properties":{"date":"2026-09-23","WS":10.0,"WD":81.0}},{"type":"Feature","geometry":{"type":"Point","coordinates":[140.0,-25.0]},"properties":{"date":"2026-09-23","WS":11.4,"WD":83.0}},{"type":"Feature","geometry":{"type":"Point","coordinates":[145.0,-25.0]},"properties":{"date":"2026-09-23","WS":11.0,"WD":87.0}},{"type":"Feature","geometry":{"type":"Point","coordinates":[150.0,-25.0]},"properties":{"date":"2026-09-23","WS":11.9,"WD":91.0}},{"type":"Feature","geometry":{"type":"Point","coordinates":[155.0,-25.0]},"properties":{"date":"2026-09-23","WS":13.1,"WD":100.0}},{"type":"Feature","geometry":{"type":"Point","coordinates":[160.0,-25.0]},"properties":{"date":"2026-09-23","WS":17.1,"WD":120.0}},{"type":"Feature","geometry":{"type":"Point","coordinates":[165.0,-25.0]},"properties":{"date":"2026-09-23","WS":19.4,"WD":125.0}},{"type":"Feature","geometry":{"type":"Point","coordinates":[170.0,-25.0]},"properties":{"date":"2026-09-23","WS":17.8,"WD":133.0}},{"type":"Feature","geometry":{"type":"Point","coordinates":[175.0,-25.0]},"properties":{"date":"2026-09-23","WS":16.0,"WD":149.0}},{"type":"Feature","geometry":{"type":"Point","coordinates":[-180.0,-20.0]},"properties":{"date":"2026-09-23","WS":18.5,"WD":130.0}},{"type":"Feature","geometry":{"type":"Point","coordinates":[-175.0,-20.0]},"properties":{"date":"2026-09-23","WS":13.4,"WD":138.0}},{"type":"Feature","geometry":{"type":"Point","coordinates":[-170.0,-20.0]},"properties":{"date":"2026-09-23","WS":10.2,"WD":145.0}},{"type":"Feature","geometry":{"type":"Point","coordinates":[-165.0,-20.0]},"properties":{"date":"2026-09-23","WS":11.3,"WD":137.0}},{"type":"Feature","geometry":{"type":"Point","coordinates":[-160.0,-20.0]},"properties":{"date":"2026-09-23","WS":6.9,"WD":150.0}},{"type":"Feature","geometry":{"type":"Point","coordinates":[-155.0,-20.0]},"properties":{"date":"2026-09-23","WS":2.5,"WD":132.0}},{"type":"Feature","geometry":{"type":"Point","coordinates":[-150.0,-20.0]},"properties":{"date":"2026-09-23","WS":4.5,"WD":65.0}},{"type":"Feature","geometry":{"type":"Point","coordinates":[-145.0,-20.0]},"properties":{"date":"2026-09-23","WS":3.5,"WD":76.0}},{"type":"Feature","geometry":{"type":"Point","coordinates":[-140.0,-20.0]},"properties":{"date":"2026-09-23","WS":7.3,"WD":85.0}},{"type":"Feature","geometry":{"type":"Point","coordinates":[-135.0,-20.0]},"properties":{"date":"2026-09-23","WS":12.1,"WD":93.0}},{"type":"Feature","geometry":{"type":"Point","coordinates":[-130.0,-20.0]},"properties":{"date":"2026-09-23","WS":7.9,"WD":104.0}},{"type":"Feature","geometry":{"type":"Point","coordinates":[-125.0,-20.0]},"properties":{"date":"2026-09-23","WS":8.5,"WD":156.0}},{"type":"Feature","geometry":{"type":"Point","coordinates":[-120.0,-20.0]},"properties":{"date":"2026-09-23","WS":12.8,"WD":170.0}},{"type":"Feature","geometry":{"type":"Point","coordinates":[-115.0,-20.0]},"properties":{"date":"2026-09-23","WS":7.7,"WD":183.0}},{"type":"Feature","geometry":{"type":"Point","coordinates":[-110.0,-20.0]},"properties":{"date":"2026-09-23","WS":4.7,"WD":286.0}},{"type":"Feature","geometry":{"type":"Point","coordinates":[-105.0,-20.0]},"properties":{"date":"2026-09-23","WS":11.6,"WD":322.0}},{"type":"Feature","geometry":{"type":"Point","coordinates":[-100.0,-20.0]},"properties":{"date":"2026-09-23","WS":5.3,"WD":326.0}},{"type":"Feature","geometry":{"type":"Point","coordinates":[-95.0,-20.0]},"properties":{"date":"2026-09-23","WS":5.8,"WD":84.0}},{"type":"Feature","geometry":{"type":"Point","coordinates":[-90.0,-20.0]},"properties":{"date":"2026-09-23","WS":14.3,"WD":99.0}},{"type":"Feature","geometry":{"type":"Point","coordinates":[-85.0,-20.0]},"properties":{"date":"2026-09-23","WS":8.4,"WD":105.0}},{"type":"Feature","geometry":{"type":"Point","coordinates":[-80.0,-20.0]},"properties":{"date":"2026-09-23","WS":7.6,"WD":135.0}},{"type":"Feature","geometry":{"type":"Point","coordinates":[-75.0,-20.0]},"properties":{"date":"2026-09-23","WS":10.8,"WD":135.0}},{"type":"Feature","geometry":{"type":"Point","coordinates":[-70.0,-20.0]},"properties":{"date":"2026-09-23","WS":8.3,"WD":146.0}},{"type":"Feature","geometry":{"type":"Point","coordinates":[-65.0,-20.0]},"properties":{"date":"2026-09-23","WS":7.2,"WD":152.0}},{"type":"Feature","geometry":{"type":"Point","coordinates":[-60.0,-20.0]},"properties":{"date":"2026-09-23","WS":8.4,"WD":158.0}},{"type":"Feature","geometry":{"type":"Point","coordinates":[-55.0,-20.0]},"properties":{"date":"2026-09-23","WS":6.7,"WD":165.0}},{"type":"Feature","geometry":{"type":"Point","coordinates":[-50.0,-20.0]},"properties":{"date":"2026-09-23","WS":7.5,"WD":190.0}},{"type":"Feature","geometry":{"type":"Point","coordinates":[-45.0,-20.0]},"properties":{"date":"2026-09-23","WS":9.2,"WD":198.0}},{"type":"Feature","geometry":{"type":"Point","coordinates":[-40.0,-20.0]},"properties":{"date":"2026-09-23","WS":3.6,"WD":191.0}},{"type":"Feature","geometry":{"type":"Point","coordinates":[-35.0,-20.0]},"properties":{"date":"2026-09-23","WS":7.1,"WD":40.0}},{"type":"Feature","geometry":{"type":"Point","coordinates":[-30.0,-20.0]},"properties":{"date":"2026-09-23","WS":13.7,"WD":42.0}},{"type":"Feature","geometry":{"type":"Point","coordinates":[-25.0,-20.0]},"properties":{"date":"2026-09-23","WS":11.6,"WD":52.0}},{"type":"Feature","geometry":{"type":"Point","coordinates":[-20.0,-20.0]},"properties":{"date":"2026-09-23","WS":13.1,"WD":89.0}},{"type":"Feature","geometry":{"type":"Point","coordinates":[-15.0,-20.0]},"properties":{"date":"2026-09-23","WS":18.3,"WD":106.0}},{"type":"Feature","geometry":{"type":"Point","coordinates":[-10.0,-20.0]},"properties":{"date":"2026-09-23","WS":15.0,"WD":108.0}},{"type":"Feature","geometry":{"type":"Point","coordinates":[-5.0,-20.0]},"properties":{"date":"2026-09-23","WS":12.5,"WD":117.0}},{"type":"Feature","geometry":{"type":"Point","coordinates":[0.0,-20.0]},"properties":{"date":"2026-09-23","WS":10.4,"WD":120.0}},{"type":"Feature","geometry":{"type":"Point","coordinates":[5.0,-20.0]},"properties":{"date":"2026-09-23","WS":9.6,"WD":130.0}},{"type":"Feature","geometry":{"type":"Point","coordinates":[10.0,-20.0]},"properties":{"date":"2026-09-23","WS":7.5,"WD":161.0}},{"type":"Feature","geometry":{"type":"Point","coordinates":[15.0,-20.0]},"properties":{"date":"2026-09-23","WS":10.5,"WD":187.0}},{"type":"Feature","geometry":{"type":"Point","coordinates":[20.0,-20.0]},"properties":{"date":"2026-09-23","WS":6.1,"WD":176.0}},{"type":"Feature","geometry":{"type":"Point","coordinates":[25.0,-20.0]},"properties":{"date":"2026-09-23","WS":5.9,"WD":145.0}},{"type":"Feature","geometry":{"type":"Point","coordinates":[30.0,-20.0]},"properties":{"date":"2026-09-23","WS":8.8,"WD":134.0}},{"type":"Feature","geometry":{"type":"Point","coordinates":[35.0,-20.0]},"properties":{"date":"2026-09-23","WS":5.6,"WD":151.0}},{"type":"Feature","geometry":{"type":"Point","coordinates":[40.0,-20.0]},"properties":{"date":"2026-09-23","WS":4.2,"WD":228.0}},{"type":"Feature","geometry":{"type":"Point","coordinates":[45.0,-20.0]},"properties":{"date":"2026-09-23","WS":9.4,"WD":271.0}},{"type":"Feature","geometry":{"type":"Point","coordinates":[50.0,-20.0]},"properties":{"date":"2026-09-23","WS":1.6,"WD":186.0}},{"type":"Feature","geometry":{"type":"Point","coordinates":[55.0,-20.0]},"properties":{"date":"2026-09-23","WS":9.7,"WD":100.0}},{"type":"Feature","geometry":{"type":"Point","coordinates":[60.0,-20.0]},"properties":{"date":"2026-09-23","WS":13.2,"WD":100.0}},{"type":"Feature","geometry":{"type":"Point","coordinates":[65.0,-20.0]},"properties":{"date":"2026-09-23","WS":14.9,"WD":98.0}},{"type":"Feature","geometry":{"type":"Point","coordinates":[70.0,-20.0]},"properties":{"date":"2026-09-23","WS":18.0,"WD":99.0}},{"type":"Feature","geometry":{"type":"Point","coordinates":[75.0,-20.0]},"properties":{"date":"2026-09-23","WS":21.4,"WD":97.0}},{"type":"Feature","geometry":{"type":"Point","coordinates":[80.0,-20.0]},"properties":{"date":"2026-09-23","WS":18.4,"WD":107.0}},{"type":"Feature","geometry":{"type":"Point","coordinates":[85.0,-20.0]},"properties":{"date":"2026-09-23","WS":16.9,"WD":117.0}},{"type":"Feature","geometry":{"type":"Point","coordinates":[90.0,-20.0]},"properties":{"date":"2026-09-23","WS":17.2,"WD":120.0}},{"type":"Feature","geometry":{"type":"Point","coordinates":[95.0,-20.0]},"properties":{"date":"2026-09-23","WS":15.7,"WD":123.0}},{"type":"Feature","geometry":{"type":"Point","coordinates":[100.0,-20.0]},"properties":{"date":"2026-09-23","WS":15.5,"WD":128.0}},{"type":"Feature","geometry":{"type":"Point","coordinates":[105.0,-20.0]},"properties":{"date":"2026-09-23","WS":18.0,"WD":128.0}},{"type":"Feature","geometry":{"type":"Point","coordinates":[110.0,-20.0]},"properties":{"date":"2026-09-23","WS":10.2,"WD":135.0}},{"type":"Feature","geometry":{"type":"Point","coordinates":[115.0,-20.0]},"properties":{"date":"2026-09-23","WS":2.0,"WD":271.0}},{"type":"Feature","geometry":{"type":"Point","coordinates":[120.0,-20.0]},"properties":{"date":"2026-09-23","WS":10.5,"WD":316.0}},{"type":"Feature","geometry":{"type":"Point","coordinates":[125.0,-20.0]},"properties":{"date":"2026-09-23","WS":2.2,"WD":323.0}},{"type":"Feature","geometry":{"type":"Point","coordinates":[130.0,-20.0]},"properties":{"date":"2026-09-23","WS":7.8,"WD":110.0}},{"type":"Feature","geometry":{"type":"Point","coordinates":[135.0,-20.0]},"properties":{"date":"2026-09-23","WS":12.6,"WD":116.0}},{"type":"Feature","geometry":{"type":"Point","coordinates":[140.0,-20.0]},"properties":{"date":"2026-09-23","WS":12.6,"WD":106.0}},{"type":"Feature","geometry":{"type":"Point","coordinates":[145.0,-20.0]},"properties":{"date":"2026-09-23","WS":15.5,"WD":106.0}},{"type":"Feature","geometry":{"type":"Point","coordinates":[150.0,-20.0]},"properties":{"date":"2026-09-23","WS":21.4,"WD":112.0}},{"type":"Feature","geometry":{"type":"Point","coordinates":[155.0,-20.0]},"properties":{"date":"2026-09-23","WS":17.5,"WD":113.0}},{"type":"Feature","geometry":{"type":"Point","coordinates":[160.0,-20.0]},"properties":{"date":"2026-09-23","WS":18.5,"WD":118.0}},{"type":"Feature","geometry":{"type":"Point","coordinates":[165.0,-20.0]},"properties":{"date":"2026-09-23","WS":21.5,"WD":119.0}},{"type":"Feature","geometry":{"type":"Point","coordinates":[170.0,-20.0]},"properties":{"date":"2026-09-23","WS":18.6,"WD":124.0}},{"type":"Feature","geometry":{"type":"Point","coordinates":[175.0,-20.0]},"properties":{"date":"2026-09-23","WS":16.8,"WD":130.0}},{"type":"Feature","geometry":{"type":"Point","coordinates":[-180.0,-15.0]},"properties":{"date":"2026-09-23","WS":12.7,"WD":114.0}},{"type":"Feature","geometry":{"type":"Point","coordinates":[-175.0,-15.0]},"properties":{"date":"2026-09-23","WS":11.8,"WD":121.0}},{"type":"Feature","geometry":{"type":"Point","coordinates":[-170.0,-15.0]},"properties":{"date":"2026-09-23","WS":11.3,"WD":134.0}},{"type":"Feature","geometry":{"type":"Point","coordinates":[-165.0,-15.0]},"properties":{"date":"2026-09-23","WS":11.3,"WD":136.0}},{"type":"Feature","geometry":{"type":"Point","coordinates":[-160.0,-15.0]},"properties":{"date":"2026-09-23","WS":10.1,"WD":137.0}},{"type":"Feature","geometry":{"type":"Point","coordinates":[-155.0,-15.0]},"properties":{"date":"2026-09-23","WS":8.1,"WD":124.0}},{"type":"Feature","geometry":{"type":"Point","coordinates":[-150.0,-15.0]},"properties":{"date":"2026-09-23","WS":8.0,"WD":114.0}},{"type":"Feature","geometry":{"type":"Point","coordinates":[-145.0,-15.0]},"properties":{"date":"2026-09-23","WS":8.4,"WD":113.0}},{"type":"Feature","geometry":{"type":"Point","coordinates":[-140.0,-15.0]},"properties":{"date":"2026-09-23","WS":11.3,"WD":103.0}},{"type":"Feature","geometry":{"type":"Point","coordinates":[-135.0,-15.0]},"properties":{"date":"2026-09-23","WS":13.1,"WD":105.0}},{"type":"Feature","geometry":{"type":"Point","coordinates":[-130.0,-15.0]},"properties":{"date":"2026-09-23","WS":11.3,"WD":109.0}},{"type":"Feature","geometry":{"type":"Point","coordinates":[-125.0,-15.0]},"properties":{"date":"2026-09-23","WS":10.9,"WD":133.0}},{"type":"Feature","geometry":{"type":"Point","coordinates":[-120.0,-15.0]},"properties":{"date":"2026-09-23","WS":9.8,"WD":140.0}},{"type":"Feature","geometry":{"type":"Point","coordinates":[-115.0,-15.0]},"properties":{"date":"2026-09-23","WS":8.2,"WD":140.0}},{"type":"Feature","geometry":{"type":"Point","coordinates":[-110.0,-15.0]},"properties":{"date":"2026-09-23","WS":3.2,"WD":136.0}},{"type":"Feature","geometry":{"type":"Point","coordinates":[-105.0,-15.0]},"properties":{"date":"2026-09-23","WS":2.3,"WD":116.0}},{"type":"Feature","geometry":{"type":"Point","coordinates":[-100.0,-15.0]},"properties":{"date":"2026-09-23","WS":4.1,"WD":117.0}},{"type":"Feature","geometry":{"type":"Point","coordinates":[-95.0,-15.0]},"properties":{"date":"2026-09-23","WS":8.6,"WD":112.0}},{"type":"Feature","geometry":{"type":"Point","coordinates":[-90.0,-15.0]},"properties":{"date":"2026-09-23","WS":11.6,"WD":116.0}},{"type":"Feature","geometry":{"type":"Point","coordinates":[-85.0,-15.0]},"properties":{"date":"2026-09-23","WS":9.3,"WD":121.0}},{"type":"Feature","geometry":{"type":"Point","coordinates":[-80.0,-15.0]},"properties":{"date":"2026-09-23","WS":7.8,"WD":143.0}},{"type":"Feature","geometry":{"type":"Point","coordinates":[-75.0,-15.0]},"properties":{"date":"2026-09-23","WS":6.9,"WD":155.0}},{"type":"Feature","geometry":{"type":"Point","coordinates":[-70.0,-15.0]},"properties":{"date":"2026-09-23","WS":6.9,"WD":160.0}},{"type":"Feature","geometry":{"type":"Point","coordinates":[-65.0,-15.0]},"properties":{"date":"2026-09-23","WS":6.3,"WD":148.0}},{"type":"Feature","geometry":{"type":"Point","coordinates":[-60.0,-15.0]},"properties":{"date":"2026-09-23","WS":6.6,"WD":148.0}},{"type":"Feature","geometry":{"type":"Point","coordinates":[-55.0,-15.0]},"properties":{"date":"2026-09-23","WS":5.3,"WD":146.0}},{"type":"Feature","geometry":{"type":"Point","coordinates":[-50.0,-15.0]},"properties":{"date":"2026-09-23","WS":4.3,"WD":156.0}},{"type":"Feature","geometry":{"type":"Point","coordinates":[-45.0,-15.0]},"properties":{"date":"2026-09-23","WS":3.2,"WD":140.0}},{"type":"Feature","geometry":{"type":"Point","coordinates":[-40.0,-15.0]},"properties":{"date":"2026-09-23","WS":4.1,"WD":106.0}},{"type":"Feature","geometry":{"type":"Point","coordinates":[-35.0,-15.0]},"properties":{"date":"2026-09-23","WS":8.2,"WD":69.0}},{"type":"Feature","geometry":{"type":"Point","coordinates":[-30.0,-15.0]},"properties":{"date":"2026-09-23","WS":11.2,"WD":70.0}},{"type":"Feature","geometry":{"type":"Point","coordinates":[-25.0,-15.0]},"properties":{"date":"2026-09-23","WS":11.3,"WD":82.0}},{"type":"Feature","geometry":{"type":"Point","coordinates":[-20.0,-15.0]},"properties":{"date":"2026-09-23","WS":14.4,"WD":106.0}},{"type":"Feature","geometry":{"type":"Point","coordinates":[-15.0,-15.0]},"properties":{"date":"2026-09-23","WS":16.0,"WD":113.0}},{"type":"Feature","geometry":{"type":"Point","coordinates":[-10.0,-15.0]},"properties":{"date":"2026-09-23","WS":14.8,"WD":117.0}},{"type":"Feature","geometry":{"type":"Point","coordinates":[-5.0,-15.0]},"properties":{"date":"2026-09-23","WS":13.4,"WD":125.0}},{"type":"Feature","geometry":{"type":"Point","coordinates":[0.0,-15.0]},"properties":{"date":"2026-09-23","WS":11.9,"WD":128.0}},{"type":"Feature","geometry":{"type":"Point","coordinates":[5.0,-15.0]},"properties":{"date":"2026-09-23","WS":10.5,"WD":135.0}},{"type":"Feature","geometry":{"type":"Point","coordinates":[10.0,-15.0]},"properties":{"date":"2026-09-23","WS":6.4,"WD":142.0}},{"type":"Feature","geometry":{"type":"Point","coordinates":[15.0,-15.0]},"properties":{"date":"2026-09-23","WS":6.0,"WD":155.0}},{"type":"Feature","geometry":{"type":"Point","coordinates":[20.0,-15.0]},"properties":{"date":"2026-09-23","WS":5.8,"WD":145.0}},{"type":"Feature","geometry":{"type":"Point","coordinates":[25.0,-15.0]},"properties":{"date":"2026-09-23","WS":6.6,"WD":135.0}},{"type":"Feature","geometry":{"type":"Point","coordinates":[30.0,-15.0]},"properties":{"date":"2026-09-23","WS":7.6,"WD":127.0}},{"type":"Feature","geometry":{"type":"Point","coordinates":[35.0,-15.0]},"properties":{"date":"2026-09-23","WS":5.6,"WD":126.0}},{"type":"Feature","geometry":{"type":"Point","coordinates":[40.0,-15.0]},"properties":{"date":"2026-09-23","WS":4.5,"WD":147.0}},{"type":"Feature","geometry":{"type":"Point","coordinates":[45.0,-15.0]},"properties":{"date":"2026-09-23","WS":3.5,"WD":142.0}},{"type":"Feature","geometry":{"type":"Point","coordinates":[50.0,-15.0]},"properties":{"date":"2026-09-23","WS":6.1,"WD":131.0}},{"type":"Feature","geometry":{"type":"Point","coordinates":[55.0,-15.0]},"properties":{"date":"2026-09-23","WS":11.4,"WD":107.0}},{"type":"Feature","geometry":{"type":"Point","coordinates":[60.0,-15.0]},"properties":{"date":"2026-09-23","WS":15.5,"WD":107.0}},{"type":"Feature","geometry":{"type":"Point","coordinates":[65.0,-15.0]},"properties":{"date":"2026-09-23","WS":15.6,"WD":109.0}},{"type":"Feature","geometry":{"type":"Point","coordinates":[70.0,-15.0]},"properties":{"date":"2026-09-23","WS":17.1,"WD":114.0}},{"type":"Feature","geometry":{"type":"Point","coordinates":[75.0,-15.0]},"properties":{"date":"2026-09-23","WS":17.8,"WD":114.0}},{"type":"Feature","geometry":{"type":"Point","coordinates":[80.0,-15.0]},"properties":{"date":"2026-09-23","WS":17.8,"WD":114.0}},{"type":"Feature","geometry":{"type":"Point","coordinates":[85.0,-15.0]},"properties":{"date":"2026-09-23","WS":18.1,"WD":115.0}},{"type":"Feature","geometry":{"type":"Point","coordinates":[90.0,-15.0]},"properties":{"date":"2026-09-23","WS":18.3,"WD":115.0}},{"type":"Feature","geometry":{"type":"Point","coordinates":[95.0,-15.0]},"properties":{"date":"2026-09-23","WS":17.5,"WD":117.0}},{"type":"Feature","geometry":{"type":"Point","coordinates":[100.0,-15.0]},"properties":{"date":"2026-09-23","WS":16.0,"WD":120.0}},{"type":"Feature","geometry":{"type":"Point","coordinates":[105.0,-15.0]},"properties":{"date":"2026-09-23","WS":14.7,"WD":121.0}},{"type":"Feature","geometry":{"type":"Point","coordinates":[110.0,-15.0]},"properties":{"date":"2026-09-23","WS":10.3,"WD":127.0}},{"type":"Feature","geometry":{"type":"Point","coordinates":[115.0,-15.0]},"properties":{"date":"2026-09-23","WS":2.6,"WD":157.0}},{"type":"Feature","geometry":{"type":"Point","coordinates":[120.0,-15.0]},"properties":{"date":"2026-09-23","WS":2.2,"WD":249.0}},{"type":"Feature","geometry":{"type":"Point","coordinates":[125.0,-15.0]},"properties":{"date":"2026-09-23","WS":1.9,"WD":150.0}},{"type":"Feature","geometry":{"type":"Point","coordinates":[130.0,-15.0]},"properties":{"date":"2026-09-23","WS":9.0,"WD":107.0}},{"type":"Feature","geometry":{"type":"Point","coordinates":[135.0,-15.0]},"properties":{"date":"2026-09-23","WS":13.1,"WD":109.0}},{"type":"Feature","geometry":{"type":"Point","coordinates":[140.0,-15.0]},"properties":{"date":"2026-09-23","WS":13.6,"WD":107.0}},{"type":"Feature","geometry":{"type":"Point","coordinates":[145.0,-15.0]},"properties":{"date":"2026-09-23","WS":13.4,"WD":111.0}},{"type":"Feature","geometry":{"type":"Point","coordinates":[150.0,-15.0]},"properties":{"date":"2026-09-23","WS":13.9,"WD":112.0}},{"type":"Feature","geometry":{"type":"Point","coordinates":[155.0,-15.0]},"properties":{"date":"2026-09-23","WS":14.3,"WD":116.0}},{"type":"Feature","geometry":{"type":"Point","coordinates":[160.0,-15.0]},"properties":{"date":"2026-09-23","WS":16.8,"WD":126.0}},{"type":"Feature","geometry":{"type":"Point","coordinates":[165.0,-15.0]},"properties":{"date":"2026-09-23","WS":17.8,"WD":128.0}},{"type":"Feature","geometry":{"type":"Point","coordinates":[170.0,-15.0]},"properties":{"date":"2026-09-23","WS":16.7,"WD":126.0}},{"type":"Feature","geometry":{"type":"Point","coordinates":[175.0,-15.0]},"properties":{"date":"2026-09-23","WS":13.1,"WD":120.0}},{"type":"Feature","geometry":{"type":"Point","coordinates":[-180.0,-10.0]},"properties":{"date":"2026-09-23","WS":13.6,"WD":77.0}},{"type":"Feature","geometry":{"type":"Point","coordinates":[-175.0,-10.0]},"properties":{"date":"2026-09-23","WS":9.3,"WD":101.0}},{"type":"Feature","geometry":{"type":"Point","coordinates":[-170.0,-10.0]},"properties":{"date":"2026-09-23","WS":11.5,"WD":131.0}},{"type":"Feature","geometry":{"type":"Point","coordinates":[-165.0,-10.0]},"properties":{"date":"2026-09-23","WS":16.0,"WD":131.0}},{"type":"Feature","geometry":{"type":"Point","coordinates":[-160.0,-10.0]},"properties":{"date":"2026-09-23","WS":12.5,"WD":135.0}},{"type":"Feature","geometry":{"type":"Point","coordinates":[-155.0,-10.0]},"properties":{"date":"2026-09-23","WS":11.9,"WD":127.0}},{"type":"Feature","geometry":{"type":"Point","coordinates":[-150.0,-10.0]},"properties":{"date":"2026-09-23","WS":15.2,"WD":118.0}},{"type":"Feature","geometry":{"type":"Point","coordinates":[-145.0,-10.0]},"properties":{"date":"2026-09-23","WS":12.7,"WD":118.0}},{"type":"Feature","geometry":{"type":"Point","coordinates":[-140.0,-10.0]},"properties":{"date":"2026-09-23","WS":14.2,"WD":116.0}},{"type":"Feature","geometry":{"type":"Point","coordinates":[-135.0,-10.0]},"properties":{"date":"2026-09-23","WS":17.5,"WD":116.0}},{"type":"Feature","geometry":{"type":"Point","coordinates":[-130.0,-10.0]},"properties":{"date":"2026-09-23","WS":14.7,"WD":117.0}},{"type":"Feature","geometry":{"type":"Point","coordinates":[-125.0,-10.0]},"properties":{"date":"2026-09-23","WS":12.6,"WD":116.0}},{"type":"Feature","geometry":{"type":"Point","coordinates":[-120.0,-10.0]},"properties":{"date":"2026-09-23","WS":12.6,"WD":104.0}},{"type":"Feature","geometry":{"type":"Point","coordinates":[-115.0,-10.0]},"properties":{"date":"2026-09-23","WS":10.6,"WD":120.0}},{"type":"Feature","geometry":{"type":"Point","coordinates":[-110.0,-10.0]},"properties":{"date":"2026-09-23","WS":10.9,"WD":126.0}},{"type":"Feature","geometry":{"type":"Point","coordinates":[-105.0,-10.0]},"properties":{"date":"2026-09-23","WS":15.3,"WD":121.0}},{"type":"Feature","geometry":{"type":"Point","coordinates":[-100.0,-10.0]},"properties":{"date":"2026-09-23","WS":11.3,"WD":129.0}},{"type":"Feature","geometry":{"type":"Point","coordinates":[-95.0,-10.0]},"properties":{"date":"2026-09-23","WS":11.9,"WD":133.0}},{"type":"Feature","geometry":{"type":"Point","coordinates":[-90.0,-10.0]},"properties":{"date":"2026-09-23","WS":14.4,"WD":130.0}},{"type":"Feature","geometry":{"type":"Point","coordinates":[-85.0,-10.0]},"properties":{"date":"2026-09-23","WS":11.2,"WD":137.0}},{"type":"Feature","geometry":{"type":"Point","coordinates":[-80.0,-10.0]},"properties":{"date":"2026-09-23","WS":6.2,"WD":159.0}},{"type":"Feature","geometry":{"type":"Point","coordinates":[-75.0,-10.0]},"properties":{"date":"2026-09-23","WS":3.8,"WD":203.0}},{"type":"Feature","geometry":{"type":"Point","coordinates":[-70.0,-10.0]},"properties":{"date":"2026-09-23","WS":4.7,"WD":171.0}},{"type":"Feature","geometry":{"type":"Point","coordinates":[-65.0,-10.0]},"properties":{"date":"2026-09-23","WS":5.9,"WD":155.0}},{"type":"Feature","geometry":{"type":"Point","coordinates":[-60.0,-10.0]},"properties":{"date":"2026-09-23","WS":6.8,"WD":158.0}},{"type":"Feature","geometry":{"type":"Point","coordinates":[-55.0,-10.0]},"properties":{"date":"2026-09-23","WS":5.3,"WD":133.0}},{"type":"Feature","geometry":{"type":"Point","coordinates":[-50.0,-10.0]},"properties":{"date":"2026-09-23","WS":5.5,"WD":78.0}},{"type":"Feature","geometry":{"type":"Point","coordinates":[-45.0,-10.0]},"properties":{"date":"2026-09-23","WS":8.2,"WD":48.0}},{"type":"Feature","geometry":{"type":"Point","coordinates":[-40.0,-10.0]},"properties":{"date":"2026-09-23","WS":7.6,"WD":74.0}},{"type":"Feature","geometry":{"type":"Point","coordinates":[-35.0,-10.0]},"properties":{"date":"2026-09-23","WS":10.7,"WD":94.0}},{"type":"Feature","geometry":{"type":"Point","coordinates":[-30.0,-10.0]},"properties":{"date":"2026-09-23","WS":14.2,"WD":99.0}},{"type":"Feature","geometry":{"type":"Point","coordinates":[-25.0,-10.0]},"properties":{"date":"2026-09-23","WS":13.2,"WD":107.0}},{"type":"Feature","geometry":{"type":"Point","coordinates":[-20.0,-10.0]},"properties":{"date":"2026-09-23","WS":15.3,"WD":120.0}},{"type":"Feature","geometry":{"type":"Point","coordinates":[-15.0,-10.0]},"properties":{"date":"2026-09-23","WS":17.7,"WD":125.0}},{"type":"Feature","geometry":{"type":"Point","coordinates":[-10.0,-10.0]},"properties":{"date":"2026-09-23","WS":15.7,"WD":128.0}},{"type":"Feature","geometry":{"type":"Point","coordinates":[-5.0,-10.0]},"properties":{"date":"2026-09-23","WS":13.2,"WD":131.0}},{"type":"Feature","geometry":{"type":"Point","coordinates":[0.0,-10.0]},"properties":{"date":"2026-09-23","WS":12.7,"WD":131.0}},{"type":"Feature","geometry":{"type":"Point","coordinates":[5.0,-10.0]},"properties":{"date":"2026-09-23","WS":10.3,"WD":133.0}},{"type":"Feature","geometry":{"type":"Point","coordinates":[10.0,-10.0]},"properties":{"date":"2026-09-23","WS":7.1,"WD":128.0}},{"type":"Feature","geometry":{"type":"Point","coordinates":[15.0,-10.0]},"properties":{"date":"2026-09-23","WS":5.7,"WD":114.0}},{"type":"Feature","geometry":{"type":"Point","coordinates":[20.0,-10.0]},"properties":{"date":"2026-09-23","WS":6.0,"WD":120.0}},{"type":"Feature","geometry":{"type":"Point","coordinates":[25.0,-10.0]},"properties":{"date":"2026-09-23","WS":7.1,"WD":118.0}},{"type":"Feature","geometry":{"type":"Point","coordinates":[30.0,-10.0]},"properties":{"date":"2026-09-23","WS":8.5,"WD":118.0}},{"type":"Feature","geometry":{"type":"Point","coordinates":[35.0,-10.0]},"properties":{"date":"2026-09-23","WS":7.2,"WD":121.0}},{"type":"Feature","geometry":{"type":"Point","coordinates":[40.0,-10.0]},"properties":{"date":"2026-09-23","WS":8.0,"WD":116.0}},{"type":"Feature","geometry":{"type":"Point","coordinates":[45.0,-10.0]},"properties":{"date":"2026-09-23","WS":12.5,"WD":100.0}},{"type":"Feature","geometry":{"type":"Point","coordinates":[50.0,-10.0]},"properties":{"date":"2026-09-23","WS":9.9,"WD":119.0}},{"type":"Feature","geometry":{"type":"Point","coordinates":[55.0,-10.0]},"properties":{"date":"2026-09-23","WS":13.9,"WD":122.0}},{"type":"Feature","geometry":{"type":"Point","coordinates":[60.0,-10.0]},"properties":{"date":"2026-09-23","WS":20.3,"WD":117.0}},{"type":"Feature","geometry":{"type":"Point","coordinates":[65.0,-10.0]},"properties":{"date":"2026-09-23","WS":16.4,"WD":120.0}},{"type":"Feature","geometry":{"type":"Point","coordinates":[70.0,-10.0]},"properties":{"date":"2026-09-23","WS":15.9,"WD":127.0}},{"type":"Feature","geometry":{"type":"Point","coordinates":[75.0,-10.0]},"properties":{"date":"2026-09-23","WS":17.9,"WD":134.0}},{"type":"Feature","geometry":{"type":"Point","coordinates":[80.0,-10.0]},"properties":{"date":"2026-09-23","WS":16.9,"WD":125.0}},{"type":"Feature","geometry":{"type":"Point","coordinates":[85.0,-10.0]},"properties":{"date":"2026-09-23","WS":18.6,"WD":113.0}},{"type":"Feature","geometry":{"type":"Point","coordinates":[90.0,-10.0]},"properties":{"date":"2026-09-23","WS":21.7,"WD":106.0}},{"type":"Feature","geometry":{"type":"Point","coordinates":[95.0,-10.0]},"properties":{"date":"2026-09-23","WS":18.5,"WD":113.0}},{"type":"Feature","geometry":{"type":"Point","coordinates":[100.0,-10.0]},"properties":{"date":"2026-09-23","WS":16.1,"WD":116.0}},{"type":"Feature","geometry":{"type":"Point","coordinates":[105.0,-10.0]},"properties":{"date":"2026-09-23","WS":15.2,"WD":110.0}},{"type":"Feature","geometry":{"type":"Point","coordinates":[110.0,-10.0]},"properties":{"date":"2026-09-23","WS":11.3,"WD":119.0}},{"type":"Feature","geometry":{"type":"Point","coordinates":[115.0,-10.0]},"properties":{"date":"2026-09-23","WS":5.8,"WD":150.0}},{"type":"Feature","geometry":{"type":"Point","coordinates":[120.0,-10.0]},"properties":{"date":"2026-09-23","WS":6.9,"WD":187.0}},{"type":"Feature","geometry":{"type":"Point","coordinates":[125.0,-10.0]},"properties":{"date":"2026-09-23","WS":4.8,"WD":145.0}},{"type":"Feature","geometry":{"type":"Point","coordinates":[130.0,-10.0]},"properties":{"date":"2026-09-23","WS":10.9,"WD":109.0}},{"type":"Feature","geometry":{"type":"Point","coordinates":[135.0,-10.0]},"properties":{"date":"2026-09-23","WS":17.0,"WD":105.0}},{"type":"Feature","geometry":{"type":"Point","coordinates":[140.0,-10.0]},"properties":{"date":"2026-09-23","WS":13.9,"WD":109.0}},{"type":"Feature","geometry":{"type":"Point","coordinates":[145.0,-10.0]},"properties":{"date":"2026-09-23","WS":10.6,"WD":114.0}},{"type":"Feature","geometry":{"type":"Point","coordinates":[150.0,-10.0]},"properties":{"date":"2026-09-23","WS":7.1,"WD":111.0}},{"type":"Feature","geometry":{"type":"Point","coordinates":[155.0,-10.0]},"properties":{"date":"2026-09-23","WS":10.9,"WD":126.0}},{"type":"Feature","geometry":{"type":"Point","coordinates":[160.0,-10.0]},"properties":{"date":"2026-09-23","WS":14.5,"WD":136.0}},{"type":"Feature","geometry":{"type":"Point","coordinates":[165.0,-10.0]},"properties":{"date":"2026-09-23","WS":16.6,"WD":138.0}},{"type":"Feature","geometry":{"type":"Point","coordinates":[170.0,-10.0]},"properties":{"date":"2026-09-23","WS":13.1,"WD":134.0}},{"type":"Feature","geometry":{"type":"Point","coordinates":[175.0,-10.0]},"properties":{"date":"2026-09-23","WS":10.1,"WD":103.0}},{"type":"Feature","geometry":{"type":"Point","coordinates":[-180.0,-5.0]},"properties":{"date":"2026-09-23","WS":3.4,"WD":64.0}},{"type":"Feature","geometry":{"type":"Point","coordinates":[-175.0,-5.0]},"properties":{"date":"2026-09-23","WS":3.3,"WD":113.0}},{"type":"Feature","geometry":{"type":"Point","coordinates":[-170.0,-5.0]},"properties":{"date":"2026-09-23","WS":6.5,"WD":151.0}},{"type":"Feature","geometry":{"type":"Point","coordinates":[-165.0,-5.0]},"properties":{"date":"2026-09-23","WS":9.9,"WD":156.0}},{"type":"Feature","geometry":{"type":"Point","coordinates":[-160.0,-5.0]},"properties":{"date":"2026-09-23","WS":9.9,"WD":151.0}},{"type":"Feature","geometry":{"type":"Point","coordinates":[-155.0,-5.0]},"properties":{"date":"2026-09-23","WS":9.8,"WD":149.0}},{"type":"Feature","geometry":{"type":"Point","coordinates":[-150.0,-5.0]},"properties":{"date":"2026-09-23","WS":10.2,"WD":141.0}},{"type":"Feature","geometry":{"type":"Point","coordinates":[-145.0,-5.0]},"properties":{"date":"2026-09-23","WS":10.6,"WD":136.0}},{"type":"Feature","geometry":{"type":"Point","coordinates":[-140.0,-5.0]},"properties":{"date":"2026-09-23","WS":11.6,"WD":126.0}},{"type":"Feature","geometry":{"type":"Point","coordinates":[-135.0,-5.0]},"properties":{"date":"2026-09-23","WS":13.0,"WD":121.0}},{"type":"Feature","geometry":{"type":"Point","coordinates":[-130.0,-5.0]},"properties":{"date":"2026-09-23","WS":12.3,"WD":122.0}},{"type":"Feature","geometry":{"type":"Point","coordinates":[-125.0,-5.0]},"properties":{"date":"2026-09-23","WS":12.7,"WD":126.0}},{"type":"Feature","geometry":{"type":"Point","coordinates":[-120.0,-5.0]},"properties":{"date":"2026-09-23","WS":12.8,"WD":124.0}},{"type":"Feature","geometry":{"type":"Point","coordinates":[-115.0,-5.0]},"properties":{"date":"2026-09-23","WS":12.2,"WD":133.0}},{"type":"Feature","geometry":{"type":"Point","coordinates":[-110.0,-5.0]},"properties":{"date":"2026-09-23","WS":10.2,"WD":143.0}},{"type":"Feature","geometry":{"type":"Point","coordinates":[-105.0,-5.0]},"properties":{"date":"2026-09-23","WS":11.2,"WD":148.0}},{"type":"Feature","geometry":{"type":"Point","coordinates":[-100.0,-5.0]},"properties":{"date":"2026-09-23","WS":10.7,"WD":154.0}},{"type":"Feature","geometry":{"type":"Point","coordinates":[-95.0,-5.0]},"properties":{"date":"2026-09-23","WS":12.2,"WD":150.0}},{"type":"Feature","geometry":{"type":"Point","coordinates":[-90.0,-5.0]},"properties":{"date":"2026-09-23","WS":12.3,"WD":152.0}},{"type":"Feature","geometry":{"type":"Point","coordinates":[-85.0,-5.0]},"properties":{"date":"2026-09-23","WS":10.0,"WD":158.0}},{"type":"Feature","geometry":{"type":"Point","coordinates":[-80.0,-5.0]},"properties":{"date":"2026-09-23","WS":6.8,"WD":176.0}},{"type":"Feature","geometry":{"type":"Point","coordinates":[-75.0,-5.0]},"properties":{"date":"2026-09-23","WS":5.1,"WD":189.0}},{"type":"Feature","geometry":{"type":"Point","coordinates":[-70.0,-5.0]},"properties":{"date":"2026-09-23","WS":4.2,"WD":180.0}},{"type":"Feature","geometry":{"type":"Point","coordinates":[-65.0,-5.0]},"properties":{"date":"2026-09-23","WS":4.7,"WD":133.0}},{"type":"Feature","geometry":{"type":"Point","coordinates":[-60.0,-5.0]},"properties":{"date":"2026-09-23","WS":5.6,"WD":108.0}},{"type":"Feature","geometry":{"type":"Point","coordinates":[-55.0,-5.0]},"properties":{"date":"2026-09-23","WS":6.5,"WD":96.0}},{"type":"Feature","geometry":{"type":"Point","coordinates":[-50.0,-5.0]},"properties":{"date":"2026-09-23","WS":8.3,"WD":74.0}},{"type":"Feature","geometry":{"type":"Point","coordinates":[-45.0,-5.0]},"properties":{"date":"2026-09-23","WS":10.1,"WD":71.0}},{"type":"Feature","geometry":{"type":"Point","coordinates":[-40.0,-5.0]},"properties":{"date":"2026-09-23","WS":9.6,"WD":82.0}},{"type":"Feature","geometry":{"type":"Point","coordinates":[-35.0,-5.0]},"properties":{"date":"2026-09-23","WS":10.1,"WD":100.0}},{"type":"Feature","geometry":{"type":"Point","coordinates":[-30.0,-5.0]},"properties":{"date":"2026-09-23","WS":10.8,"WD":111.0}},{"type":"Feature","geometry":{"type":"Point","coordinates":[-25.0,-5.0]},"properties":{"date":"2026-09-23","WS":11.8,"WD":120.0}},{"type":"Feature","geometry":{"type":"Point","coordinates":[-20.0,-5.0]},"properties":{"date":"2026-09-23","WS":15.9,"WD":135.0}},{"type":"Feature","geometry":{"type":"Point","coordinates":[-15.0,-5.0]},"properties":{"date":"2026-09-23","WS":16.7,"WD":138.0}},{"type":"Feature","geometry":{"type":"Point","coordinates":[-10.0,-5.0]},"properties":{"date":"2026-09-23","WS":15.9,"WD":139.0}},{"type":"Feature","geometry":{"type":"Point","coordinates":[-5.0,-5.0]},"properties":{"date":"2026-09-23","WS":12.3,"WD":143.0}},{"type":"Feature","geometry":{"type":"Point","coordinates":[0.0,-5.0]},"properties":{"date":"2026-09-23","WS":11.0,"WD":144.0}},{"type":"Feature","geometry":{"type":"Point","coordinates":[5.0,-5.0]},"properties":{"date":"2026-09-23","WS":9.3,"WD":138.0}},{"type":"Feature","geometry":{"type":"Point","coordinates":[10.0,-5.0]},"properties":{"date":"2026-09-23","WS":6.9,"WD":123.0}},{"type":"Feature","geometry":{"type":"Point","coordinates":[15.0,-5.0]},"properties":{"date":"2026-09-23","WS":6.5,"WD":109.0}},{"type":"Feature","geometry":{"type":"Point","coordinates":[20.0,-5.0]},"properties":{"date":"2026-09-23","WS":5.9,"WD":104.0}},{"type":"Feature","geometry":{"type":"Point","coordinates":[25.0,-5.0]},"properties":{"date":"2026-09-23","WS":6.1,"WD":100.0}},{"type":"Feature","geometry":{"type":"Point","coordinates":[30.0,-5.0]},"properties":{"date":"2026-09-23","WS":6.3,"WD":97.0}},{"type":"Feature","geometry":{"type":"Point","coordinates":[35.0,-5.0]},"properties":{"date":"2026-09-23","WS":6.6,"WD":119.0}},{"type":"Feature","geometry":{"type":"Point","coordinates":[40.0,-5.0]},"properties":{"date":"2026-09-23","WS":8.1,"WD":138.0}},{"type":"Feature","geometry":{"type":"Point","coordinates":[45.0,-5.0]},"properties":{"date":"2026-09-23","WS":10.4,"WD":143.0}},{"type":"Feature","geometry":{"type":"Point","coordinates":[50.0,-5.0]},"properties":{"date":"2026-09-23","WS":10.1,"WD":143.0}},{"type":"Feature","geometry":{"type":"Point","coordinates":[55.0,-5.0]},"properties":{"date":"2026-09-23","WS":10.4,"WD":138.0}},{"type":"Feature","geometry":{"type":"Point","coordinates":[60.0,-5.0]},"properties":{"date":"2026-09-23","WS":10.8,"WD":136.0}},{"type":"Feature","geometry":{"type":"Point","coordinates":[65.0,-5.0]},"properties":{"date":"2026-09-23","WS":11.0,"WD":136.0}},{"type":"Feature","geometry":{"type":"Point","coordinates":[70.0,-5.0]},"properties":{"date":"2026-09-23","WS":11.6,"WD":137.0}},{"type":"Feature","geometry":{"type":"Point","coordinates":[75.0,-5.0]},"properties":{"date":"2026-09-23","WS":12.3,"WD":138.0}},{"type":"Feature","geometry":{"type":"Point","coordinates":[80.0,-5.0]},"properties":{"date":"2026-09-23","WS":12.8,"WD":131.0}},{"type":"Feature","geometry":{"type":"Point","coordinates":[85.0,-5.0]},"properties":{"date":"2026-09-23","WS":15.1,"WD":127.0}},{"type":"Feature","geometry":{"type":"Point","coordinates":[90.0,-5.0]},"properties":{"date":"2026-09-23","WS":16.3,"WD":120.0}},{"type":"Feature","geometry":{"type":"Point","coordinates":[95.0,-5.0]},"properties":{"date":"2026-09-23","WS":15.5,"WD":124.0}},{"type":"Feature","geometry":{"type":"Point","coordinates":[100.0,-5.0]},"properties":{"date":"2026-09-23","WS":14.3,"WD":125.0}},{"type":"Feature","geometry":{"type":"Point","coordinates":[105.0,-5.0]},"properties":{"date":"2026-09-23","WS":14.1,"WD":126.0}},{"type":"Feature","geometry":{"type":"Point","coordinates":[110.0,-5.0]},"properties":{"date":"2026-09-23","WS":11.2,"WD":130.0}},{"type":"Feature","geometry":{"type":"Point","coordinates":[115.0,-5.0]},"properties":{"date":"2026-09-23","WS":5.7,"WD":129.0}},{"type":"Feature","geometry":{"type":"Point","coordinates":[120.0,-5.0]},"properties":{"date":"2026-09-23","WS":4.4,"WD":135.0}},{"type":"Feature","geometry":{"type":"Point","coordinates":[125.0,-5.0]},"properties":{"date":"2026-09-23","WS":4.7,"WD":117.0}},{"type":"Feature","geometry":{"type":"Point","coordinates":[130.0,-5.0]},"properties":{"date":"2026-09-23","WS":8.3,"WD":113.0}},{"type":"Feature","geometry":{"type":"Point","coordinates":[135.0,-5.0]},"properties":{"date":"2026-09-23","WS":9.9,"WD":107.0}},{"type":"Feature","geometry":{"type":"Point","coordinates":[140.0,-5.0]},"properties":{"date":"2026-09-23","WS":9.5,"WD":113.0}},{"type":"Feature","geometry":{"type":"Point","coordinates":[145.0,-5.0]},"properties":{"date":"2026-09-23","WS":9.1,"WD":122.0}},{"type":"Feature","geometry":{"type":"Point","coordinates":[150.0,-5.0]},"properties":{"date":"2026-09-23","WS":9.1,"WD":128.0}},{"type":"Feature","geometry":{"type":"Point","coordinates":[155.0,-5.0]},"properties":{"date":"2026-09-23","WS":9.4,"WD":142.0}},{"type":"Feature","geometry":{"type":"Point","coordinates":[160.0,-5.0]},"properties":{"date":"2026-09-23","WS":11.6,"WD":159.0}},{"type":"Feature","geometry":{"type":"Point","coordinates":[165.0,-5.0]},"properties":{"date":"2026-09-23","WS":12.2,"WD":161.0}},{"type":"Feature","geometry":{"type":"Point","coordinates":[170.0,-5.0]},"properties":{"date":"2026-09-23","WS":8.8,"WD":161.0}},{"type":"Feature","geometry":{"type":"Point","coordinates":[175.0,-5.0]},"properties":{"date":"2026-09-23","WS":3.6,"WD":122.0}},{"type":"Feature","geometry":{"type":"Point","coordinates":[-180.0,0.0]},"properties":{"date":"2026-09-23","WS":11.5,"WD":296.0}},{"type":"Feature","geometry":{"type":"Point","coordinates":[-175.0,0.0]},"properties":{"date":"2026-09-23","WS":3.3,"WD":280.0}},{"type":"Feature","geometry":{"type":"Point","coordinates":[-170.0,0.0]},"properties":{"date":"2026-09-23","WS":5.8,"WD":193.0}},{"type":"Feature","geometry":{"type":"Point","coordinates":[-165.0,0.0]},"properties":{"date":"2026-09-23","WS":11.6,"WD":205.0}},{"type":"Feature","geometry":{"type":"Point","coordinates":[-160.0,0.0]},"properties":{"date":"2026-09-23","WS":8.6,"WD":187.0}},{"type":"Feature","geometry":{"type":"Point","coordinates":[-155.0,0.0]},"properties":{"date":"2026-09-23","WS":8.6,"WD":172.0}},{"type":"Feature","geometry":{"type":"Point","coordinates":[-150.0,0.0]},"properties":{"date":"2026-09-23","WS":9.2,"WD":165.0}},{"type":"Feature","geometry":{"type":"Point","coordinates":[-145.0,0.0]},"properties":{"date":"2026-09-23","WS":8.8,"WD":166.0}},{"type":"Feature","geometry":{"type":"Point","coordinates":[-140.0,0.0]},"properties":{"date":"2026-09-23","WS":8.8,"WD":147.0}},{"type":"Feature","geometry":{"type":"Point","coordinates":[-135.0,0.0]},"properties":{"date":"2026-09-23","WS":11.6,"WD":127.0}},{"type":"Feature","geometry":{"type":"Point","coordinates":[-130.0,0.0]},"properties":{"date":"2026-09-23","WS":9.7,"WD":138.0}},{"type":"Feature","geometry":{"type":"Point","coordinates":[-125.0,0.0]},"properties":{"date":"2026-09-23","WS":11.5,"WD":138.0}},{"type":"Feature","geometry":{"type":"Point","coordinates":[-120.0,0.0]},"properties":{"date":"2026-09-23","WS":15.4,"WD":131.0}},{"type":"Feature","geometry":{"type":"Point","coordinates":[-115.0,0.0]},"properties":{"date":"2026-09-23","WS":11.7,"WD":145.0}},{"type":"Feature","geometry":{"type":"Point","coordinates":[-110.0,0.0]},"properties":{"date":"2026-09-23","WS":11.2,"WD":168.0}},{"type":"Feature","geometry":{"type":"Point","coordinates":[-105.0,0.0]},"properties":{"date":"2026-09-23","WS":13.7,"WD":174.0}},{"type":"Feature","geometry":{"type":"Point","coordinates":[-100.0,0.0]},"properties":{"date":"2026-09-23","WS":11.3,"WD":176.0}},{"type":"Feature","geometry":{"type":"Point","coordinates":[-95.0,0.0]},"properties":{"date":"2026-09-23","WS":11.9,"WD":175.0}},{"type":"Feature","geometry":{"type":"Point","coordinates":[-90.0,0.0]},"properties":{"date":"2026-09-23","WS":15.8,"WD":176.0}},{"type":"Feature","geometry":{"type":"Point","coordinates":[-85.0,0.0]},"properties":{"date":"2026-09-23","WS":10.1,"WD":179.0}},{"type":"Feature","geometry":{"type":"Point","coordinates":[-80.0,0.0]},"properties":{"date":"2026-09-23","WS":6.7,"WD":193.0}},{"type":"Feature","geometry":{"type":"Point","coordinates":[-75.0,0.0]},"properties":{"date":"2026-09-23","WS":7.9,"WD":197.0}},{"type":"Feature","geometry":{"type":"Point","coordinates":[-70.0,0.0]},"properties":{"date":"2026-09-23","WS":4.1,"WD":179.0}},{"type":"Feature","geometry":{"type":"Point","coordinates":[-65.0,0.0]},"properties":{"date":"2026-09-23","WS":4.5,"WD":97.0}},{"type":"Feature","geometry":{"type":"Point","coordinates":[-60.0,0.0]},"properties":{"date":"2026-09-23","WS":6.5,"WD":72.0}},{"type":"Feature","geometry":{"type":"Point","coordinates":[-55.0,0.0]},"properties":{"date":"2026-09-23","WS":8.5,"WD":77.0}},{"type":"Feature","geometry":{"type":"Point","coordinates":[-50.0,0.0]},"properties":{"date":"2026-09-23","WS":11.9,"WD":74.0}},{"type":"Feature","geometry":{"type":"Point","coordinates":[-45.0,0.0]},"properties":{"date":"2026-09-23","WS":14.7,"WD":77.0}},{"type":"Feature","geometry":{"type":"Point","coordinates":[-40.0,0.0]},"properties":{"date":"2026-09-23","WS":11.8,"WD":79.0}},{"type":"Feature","geometry":{"type":"Point","coordinates":[-35.0,0.0]},"properties":{"date":"2026-09-23","WS":9.3,"WD":112.0}},{"type":"Feature","geometry":{"type":"Point","coordinates":[-30.0,0.0]},"properties":{"date":"2026-09-23","WS":12.0,"WD":146.0}},{"type":"Feature","geometry":{"type":"Point","coordinates":[-25.0,0.0]},"properties":{"date":"2026-09-23","WS":12.2,"WD":138.0}},{"type":"Feature","geometry":{"type":"Point","coordinates":[-20.0,0.0]},"properties":{"date":"2026-09-23","WS":15.4,"WD":145.0}},{"type":"Feature","geometry":{"type":"Point","coordinates":[-15.0,0.0]},"properties":{"date":"2026-09-23","WS":16.9,"WD":152.0}},{"type":"Feature","geometry":{"type":"Point","coordinates":[-10.0,0.0]},"properties":{"date":"2026-09-23","WS":15.9,"WD":150.0}},{"type":"Feature","geometry":{"type":"Point","coordinates":[-5.0,0.0]},"properties":{"date":"2026-09-23","WS":12.6,"WD":155.0}},{"type":"Feature","geometry":{"type":"Point","coordinates":[0.0,0.0]},"properties":{"date":"2026-09-23","WS":11.3,"WD":165.0}},{"type":"Feature","geometry":{"type":"Point","coordinates":[5.0,0.0]},"properties":{"date":"2026-09-23","WS":8.6,"WD":151.0}},{"type":"Feature","geometry":{"type":"Point","coordinates":[10.0,0.0]},"properties":{"date":"2026-09-23","WS":6.7,"WD":113.0}},{"type":"Feature","geometry":{"type":"Point","coordinates":[15.0,0.0]},"properties":{"date":"2026-09-23","WS":8.6,"WD":86.0}},{"type":"Feature","geometry":{"type":"Point","coordinates":[20.0,0.0]},"properties":{"date":"2026-09-23","WS":6.3,"WD":94.0}},{"type":"Feature","geometry":{"type":"Point","coordinates":[25.0,0.0]},"properties":{"date":"2026-09-23","WS":4.8,"WD":83.0}},{"type":"Feature","geometry":{"type":"Point","coordinates":[30.0,0.0]},"properties":{"date":"2026-09-23","WS":5.8,"WD":52.0}},{"type":"Feature","geometry":{"type":"Point","coordinates":[35.0,0.0]},"properties":{"date":"2026-09-23","WS":5.1,"WD":108.0}},{"type":"Feature","geometry":{"type":"Point","coordinates":[40.0,0.0]},"properties":{"date":"2026-09-23","WS":10.0,"WD":159.0}},{"type":"Feature","geometry":{"type":"Point","coordinates":[45.0,0.0]},"properties":{"date":"2026-09-23","WS":16.7,"WD":180.0}},{"type":"Feature","geometry":{"type":"Point","coordinates":[50.0,0.0]},"properties":{"date":"2026-09-23","WS":11.1,"WD":166.0}},{"type":"Feature","geometry":{"type":"Point","coordinates":[55.0,0.0]},"properties":{"date":"2026-09-23","WS":7.5,"WD":167.0}},{"type":"Feature","geometry":{"type":"Point","coordinates":[60.0,0.0]},"properties":{"date":"2026-09-23","WS":7.5,"WD":189.0}},{"type":"Feature","geometry":{"type":"Point","coordinates":[65.0,0.0]},"properties":{"date":"2026-09-23","WS":6.5,"WD":176.0}},{"type":"Feature","geometry":{"type":"Point","coordinates":[70.0,0.0]},"properties":{"date":"2026-09-23","WS":7.3,"WD":161.0}},{"type":"Feature","geometry":{"type":"Point","coordinates":[75.0,0.0]},"properties":{"date":"2026-09-23","WS":9.7,"WD":151.0}},{"type":"Feature","geometry":{"type":"Point","coordinates":[80.0,0.0]},"properties":{"date":"2026-09-23","WS":9.1,"WD":154.0}},{"type":"Feature","geometry":{"type":"Point","coordinates":[85.0,0.0]},"properties":{"date":"2026-09-23","WS":11.3,"WD":144.0}},{"type":"Feature","geometry":{"type":"Point","coordinates":[90.0,0.0]},"properties":{"date":"2026-09-23","WS":13.7,"WD":132.0}},{"type":"Feature","geometry":{"type":"Point","coordinates":[95.0,0.0]},"properties":{"date":"2026-09-23","WS":12.7,"WD":141.0}},{"type":"Feature","geometry":{"type":"Point","coordinates":[100.0,0.0]},"properties":{"date":"2026-09-23","WS":12.7,"WD":143.0}},{"type":"Feature","geometry":{"type":"Point","coordinates":[105.0,0.0]},"properties":{"date":"2026-09-23","WS":14.9,"WD":139.0}},{"type":"Feature","geometry":{"type":"Point","coordinates":[110.0,0.0]},"properties":{"date":"2026-09-23","WS":9.9,"WD":138.0}},{"type":"Feature","geometry":{"type":"Point","coordinates":[115.0,0.0]},"properties":{"date":"2026-09-23","WS":5.9,"WD":117.0}},{"type":"Feature","geometry":{"type":"Point","coordinates":[120.0,0.0]},"properties":{"date":"2026-09-23","WS":6.5,"WD":95.0}},{"type":"Feature","geometry":{"type":"Point","coordinates":[125.0,0.0]},"properties":{"date":"2026-09-23","WS":4.7,"WD":103.0}},{"type":"Feature","geometry":{"type":"Point","coordinates":[130.0,0.0]},"properties":{"date":"2026-09-23","WS":4.8,"WD":108.0}},{"type":"Feature","geometry":{"type":"Point","coordinates":[135.0,0.0]},"properties":{"date":"2026-09-23","WS":6.0,"WD":100.0}},{"type":"Feature","geometry":{"type":"Point","coordinates":[140.0,0.0]},"properties":{"date":"2026-09-23","WS":5.0,"WD":122.0}},{"type":"Feature","geometry":{"type":"Point","coordinates":[145.0,0.0]},"properties":{"date":"2026-09-23","WS":7.3,"WD":143.0}},{"type":"Feature","geometry":{"type":"Point","coordinates":[150.0,0.0]},"properties":{"date":"2026-09-23","WS":12.4,"WD":142.0}},{"type":"Feature","geometry":{"type":"Point","coordinates":[155.0,0.0]},"properties":{"date":"2026-09-23","WS":8.8,"WD":163.0}},{"type":"Feature","geometry":{"type":"Point","coordinates":[160.0,0.0]},"properties":{"date":"2026-09-23","WS":10.9,"WD":190.0}},{"type":"Feature","geometry":{"type":"Point","coordinates":[165.0,0.0]},"properties":{"date":"2026-09-23","WS":13.9,"WD":197.0}},{"type":"Feature","geometry":{"type":"Point","coordinates":[170.0,0.0]},"properties":{"date":"2026-09-23","WS":9.4,"WD":197.0}},{"type":"Feature","geometry":{"type":"Point","coordinates":[175.0,0.0]},"properties":{"date":"2026-09-23","WS":4.4,"WD":256.0}},{"type":"Feature","geometry":{"type":"Point","coordinates":[-180.0,5.0]},"properties":{"date":"2026-09-23","WS":2.0,"WD":233.0}},{"type":"Feature","geometry":{"type":"Point","coordinates":[-175.0,5.0]},"properties":{"date":"2026-09-23","WS":1.5,"WD":197.0}},{"type":"Feature","geometry":{"type":"Point","coordinates":[-170.0,5.0]},"properties":{"date":"2026-09-23","WS":1.6,"WD":186.0}},{"type":"Feature","geometry":{"type":"Point","coordinates":[-165.0,5.0]},"properties":{"date":"2026-09-23","WS":2.1,"WD":197.0}},{"type":"Feature","geometry":{"type":"Point","coordinates":[-160.0,5.0]},"properties":{"date":"2026-09-23","WS":4.4,"WD":196.0}},{"type":"Feature","geometry":{"type":"Point","coordinates":[-155.0,5.0]},"properties":{"date":"2026-09-23","WS":7.9,"WD":196.0}},{"type":"Feature","geometry":{"type":"Point","coordinates":[-150.0,5.0]},"properties":{"date":"2026-09-23","WS":10.6,"WD":200.0}},{"type":"Feature","geometry":{"type":"Point","coordinates":[-145.0,5.0]},"properties":{"date":"2026-09-23","WS":8.9,"WD":199.0}},{"type":"Feature","geometry":{"type":"Point","coordinates":[-140.0,5.0]},"properties":{"date":"2026-09-23","WS":6.4,"WD":204.0}},{"type":"Feature","geometry":{"type":"Point","coordinates":[-135.0,5.0]},"properties":{"date":"2026-09-23","WS":6.2,"WD":211.0}},{"type":"Feature","geometry":{"type":"Point","coordinates":[-130.0,5.0]},"properties":{"date":"2026-09-23","WS":5.8,"WD":184.0}},{"type":"Feature","geometry":{"type":"Point","coordinates":[-125.0,5.0]},"properties":{"date":"2026-09-23","WS":8.0,"WD":170.0}},{"type":"Feature","geometry":{"type":"Point","coordinates":[-120.0,5.0]},"properties":{"date":"2026-09-23","WS":10.1,"WD":162.0}},{"type":"Feature","geometry":{"type":"Point","coordinates":[-115.0,5.0]},"properties":{"date":"2026-09-23","WS":9.0,"WD":175.0}},{"type":"Feature","geometry":{"type":"Point","coordinates":[-110.0,5.0]},"properties":{"date":"2026-09-23","WS":9.7,"WD":198.0}},{"type":"Feature","geometry":{"type":"Point","coordinates":[-105.0,5.0]},"properties":{"date":"2026-09-23","WS":10.6,"WD":207.0}},{"type":"Feature","geometry":{"type":"Point","coordinates":[-100.0,5.0]},"properties":{"date":"2026-09-23","WS":9.3,"WD":208.0}},{"type":"Feature","geometry":{"type":"Point","coordinates":[-95.0,5.0]},"properties":{"date":"2026-09-23","WS":8.0,"WD":198.0}},{"type":"Feature","geometry":{"type":"Point","coordinates":[-90.0,5.0]},"properties":{"date":"2026-09-23","WS":7.0,"WD":200.0}},{"type":"Feature","geometry":{"type":"Point","coordinates":[-85.0,5.0]},"properties":{"date":"2026-09-23","WS":5.8,"WD":196.0}},{"type":"Feature","geometry":{"type":"Point","coordinates":[-80.0,5.0]},"properties":{"date":"2026-09-23","WS":4.4,"WD":222.0}},{"type":"Feature","geometry":{"type":"Point","coordinates":[-75.0,5.0]},"properties":{"date":"2026-09-23","WS":3.6,"WD":230.0}},{"type":"Feature","geometry":{"type":"Point","coordinates":[-70.0,5.0]},"properties":{"date":"2026-09-23","WS":1.2,"WD":153.0}},{"type":"Feature","geometry":{"type":"Point","coordinates":[-65.0,5.0]},"properties":{"date":"2026-09-23","WS":6.8,"WD":92.0}},{"type":"Feature","geometry":{"type":"Point","coordinates":[-60.0,5.0]},"properties":{"date":"2026-09-23","WS":10.3,"WD":87.0}},{"type":"Feature","geometry":{"type":"Point","coordinates":[-55.0,5.0]},"properties":{"date":"2026-09-23","WS":11.2,"WD":80.0}},{"type":"Feature","geometry":{"type":"Point","coordinates":[-50.0,5.0]},"properties":{"date":"2026-09-23","WS":13.2,"WD":68.0}},{"type":"Feature","geometry":{"type":"Point","coordinates":[-45.0,5.0]},"properties":{"date":"2026-09-23","WS":14.0,"WD":64.0}},{"type":"Feature","geometry":{"type":"Point","coordinates":[-40.0,5.0]},"properties":{"date":"2026-09-23","WS":11.6,"WD":69.0}},{"type":"Feature","geometry":{"type":"Point","coordinates":[-35.0,5.0]},"properties":{"date":"2026-09-23","WS":8.6,"WD":85.0}},{"type":"Feature","geometry":{"type":"Point","coordinates":[-30.0,5.0]},"properties":{"date":"2026-09-23","WS":7.3,"WD":106.0}},{"type":"Feature","geometry":{"type":"Point","coordinates":[-25.0,5.0]},"properties":{"date":"2026-09-23","WS":9.6,"WD":127.0}},{"type":"Feature","geometry":{"type":"Point","coordinates":[-20.0,5.0]},"properties":{"date":"2026-09-23","WS":15.9,"WD":146.0}},{"type":"Feature","geometry":{"type":"Point","coordinates":[-15.0,5.0]},"properties":{"date":"2026-09-23","WS":19.5,"WD":152.0}},{"type":"Feature","geometry":{"type":"Point","coordinates":[-10.0,5.0]},"properties":{"date":"2026-09-23","WS":16.7,"WD":152.0}},{"type":"Feature","geometry":{"type":"Point","coordinates":[-5.0,5.0]},"properties":{"date":"2026-09-23","WS":11.4,"WD":155.0}},{"type":"Feature","geometry":{"type":"Point","coordinates":[0.0,5.0]},"properties":{"date":"2026-09-23","WS":8.8,"WD":160.0}},{"type":"Feature","geometry":{"type":"Point","coordinates":[5.0,5.0]},"properties":{"date":"2026-09-23","WS":6.8,"WD":148.0}},{"type":"Feature","geometry":{"type":"Point","coordinates":[10.0,5.0]},"properties":{"date":"2026-09-23","WS":4.7,"WD":137.0}},{"type":"Feature","geometry":{"type":"Point","coordinates":[15.0,5.0]},"properties":{"date":"2026-09-23","WS":4.3,"WD":113.0}},{"type":"Feature","geometry":{"type":"Point","coordinates":[20.0,5.0]},"properties":{"date":"2026-09-23","WS":3.9,"WD":115.0}},{"type":"Feature","geometry":{"type":"Point","coordinates":[25.0,5.0]},"properties":{"date":"2026-09-23","WS":3.8,"WD":93.0}},{"type":"Feature","geometry":{"type":"Point","coordinates":[30.0,5.0]},"properties":{"date":"2026-09-23","WS":3.6,"WD":106.0}},{"type":"Feature","geometry":{"type":"Point","coordinates":[35.0,5.0]},"properties":{"date":"2026-09-23","WS":4.7,"WD":118.0}},{"type":"Feature","geometry":{"type":"Point","coordinates":[40.0,5.0]},"properties":{"date":"2026-09-23","WS":8.3,"WD":138.0}},{"type":"Feature","geometry":{"type":"Point","coordinates":[45.0,5.0]},"properties":{"date":"2026-09-23","WS":9.4,"WD":146.0}},{"type":"Feature","geometry":{"type":"Point","coordinates":[50.0,5.0]},"properties":{"date":"2026-09-23","WS":7.6,"WD":154.0}},{"type":"Feature","geometry":{"type":"Point","coordinates":[55.0,5.0]},"properties":{"date":"2026-09-23","WS":6.3,"WD":200.0}},{"type":"Feature","geometry":{"type":"Point","coordinates":[60.0,5.0]},"properties":{"date":"2026-09-23","WS":6.2,"WD":223.0}},{"type":"Feature","geometry":{"type":"Point","coordinates":[65.0,5.0]},"properties":{"date":"2026-09-23","WS":6.5,"WD":230.0}},{"type":"Feature","geometry":{"type":"Point","coordinates":[70.0,5.0]},"properties":{"date":"2026-09-23","WS":5.1,"WD":244.0}},{"type":"Feature","geometry":{"type":"Point","coordinates":[75.0,5.0]},"properties":{"date":"2026-09-23","WS":4.6,"WD":240.0}},{"type":"Feature","geometry":{"type":"Point","coordinates":[80.0,5.0]},"properties":{"date":"2026-09-23","WS":5.9,"WD":214.0}},{"type":"Feature","geometry":{"type":"Point","coordinates":[85.0,5.0]},"properties":{"date":"2026-09-23","WS":11.1,"WD":178.0}},{"type":"Feature","geometry":{"type":"Point","coordinates":[90.0,5.0]},"properties":{"date":"2026-09-23","WS":13.3,"WD":177.0}},{"type":"Feature","geometry":{"type":"Point","coordinates":[95.0,5.0]},"properties":{"date":"2026-09-23","WS":13.1,"WD":171.0}},{"type":"Feature","geometry":{"type":"Point","coordinates":[100.0,5.0]},"properties":{"date":"2026-09-23","WS":9.5,"WD":171.0}},{"type":"Feature","geometry":{"type":"Point","coordinates":[105.0,5.0]},"properties":{"date":"2026-09-23","WS":8.3,"WD":164.0}},{"type":"Feature","geometry":{"type":"Point","coordinates":[110.0,5.0]},"properties":{"date":"2026-09-23","WS":5.8,"WD":152.0}},{"type":"Feature","geometry":{"type":"Point","coordinates":[115.0,5.0]},"properties":{"date":"2026-09-23","WS":3.7,"WD":100.0}},{"type":"Feature","geometry":{"type":"Point","coordinates":[120.0,5.0]},"properties":{"date":"2026-09-23","WS":4.4,"WD":72.0}},{"type":"Feature","geometry":{"type":"Point","coordinates":[125.0,5.0]},"properties":{"date":"2026-09-23","WS":3.0,"WD":68.0}},{"type":"Feature","geometry":{"type":"Point","coordinates":[130.0,5.0]},"properties":{"date":"2026-09-23","WS":1.5,"WD":91.0}},{"type":"Feature","geometry":{"type":"Point","coordinates":[135.0,5.0]},"properties":{"date":"2026-09-23","WS":1.4,"WD":230.0}},{"type":"Feature","geometry":{"type":"Point","coordinates":[140.0,5.0]},"properties":{"date":"2026-09-23","WS":1.6,"WD":185.0}},{"type":"Feature","geometry":{"type":"Point","coordinates":[145.0,5.0]},"properties":{"date":"2026-09-23","WS":2.7,"WD":207.0}},{"type":"Feature","geometry":{"type":"Point","coordinates":[150.0,5.0]},"properties":{"date":"2026-09-23","WS":3.6,"WD":198.0}},{"type":"Feature","geometry":{"type":"Point","coordinates":[155.0,5.0]},"properties":{"date":"2026-09-23","WS":5.7,"WD":210.0}},{"type":"Feature","geometry":{"type":"Point","coordinates":[160.0,5.0]},"properties":{"date":"2026-09-23","WS":10.3,"WD":209.0}},{"type":"Feature","geometry":{"type":"Point","coordinates":[165.0,5.0]},"properties":{"date":"2026-09-23","WS":12.5,"WD":213.0}},{"type":"Feature","geometry":{"type":"Point","coordinates":[170.0,5.0]},"properties":{"date":"2026-09-23","WS":9.7,"WD":211.0}},{"type":"Feature","geometry":{"type":"Point","coordinates":[175.0,5.0]},"properties":{"date":"2026-09-23","WS":4.6,"WD":212.0}},{"type":"Feature","geometry":{"type":"Point","coordinates":[-180.0,10.0]},"properties":{"date":"2026-09-23","WS":8.9,"WD":144.0}},{"type":"Feature","geometry":{"type":"Point","coordinates":[-175.0,10.0]},"properties":{"date":"2026-09-23","WS":4.8,"WD":131.0}},{"type":"Feature","geometry":{"type":"Point","coordinates":[-170.0,10.0]},"properties":{"date":"2026-09-23","WS":3.3,"WD":47.0}},{"type":"Feature","geometry":{"type":"Point","coordinates":[-165.0,10.0]},"properties":{"date":"2026-09-23","WS":6.3,"WD":15.0}},{"type":"Feature","geometry":{"type":"Point","coordinates":[-160.0,10.0]},"properties":{"date":"2026-09-23","WS":1.8,"WD":43.0}},{"type":"Feature","geometry":{"type":"Point","coordinates":[-155.0,10.0]},"properties":{"date":"2026-09-23","WS":8.1,"WD":216.0}},{"type":"Feature","geometry":{"type":"Point","coordinates":[-150.0,10.0]},"properties":{"date":"2026-09-23","WS":20.8,"WD":229.0}},{"type":"Feature","geometry":{"type":"Point","coordinates":[-145.0,10.0]},"properties":{"date":"2026-09-23","WS":10.0,"WD":221.0}},{"type":"Feature","geometry":{"type":"Point","coordinates":[-140.0,10.0]},"properties":{"date":"2026-09-23","WS":8.3,"WD":246.0}},{"type":"Feature","geometry":{"type":"Point","coordinates":[-135.0,10.0]},"properties":{"date":"2026-09-23","WS":18.5,"WD":258.0}},{"type":"Feature","geometry":{"type":"Point","coordinates":[-130.0,10.0]},"properties":{"date":"2026-09-23","WS":7.6,"WD":247.0}},{"type":"Feature","geometry":{"type":"Point","coordinates":[-125.0,10.0]},"properties":{"date":"2026-09-23","WS":7.1,"WD":204.0}},{"type":"Feature","geometry":{"type":"Point","coordinates":[-120.0,10.0]},"properties":{"date":"2026-09-23","WS":13.9,"WD":212.0}},{"type":"Feature","geometry":{"type":"Point","coordinates":[-115.0,10.0]},"properties":{"date":"2026-09-23","WS":8.6,"WD":206.0}},{"type":"Feature","geometry":{"type":"Point","coordinates":[-110.0,10.0]},"properties":{"date":"2026-09-23","WS":9.7,"WD":233.0}},{"type":"Feature","geometry":{"type":"Point","coordinates":[-105.0,10.0]},"properties":{"date":"2026-09-23","WS":17.4,"WD":249.0}},{"type":"Feature","geometry":{"type":"Point","coordinates":[-100.0,10.0]},"properties":{"date":"2026-09-23","WS":9.9,"WD":239.0}},{"type":"Feature","geometry":{"type":"Point","coordinates":[-95.0,10.0]},"properties":{"date":"2026-09-23","WS":5.1,"WD":242.0}},{"type":"Feature","geometry":{"type":"Point","coordinates":[-90.0,10.0]},"properties":{"date":"2026-09-23","WS":6.8,"WD":279.0}},{"type":"Feature","geometry":{"type":"Point","coordinates":[-85.0,10.0]},"properties":{"date":"2026-09-23","WS":3.4,"WD":254.0}},{"type":"Feature","geometry":{"type":"Point","coordinates":[-80.0,10.0]},"properties":{"date":"2026-09-23","WS":3.0,"WD":278.0}},{"type":"Feature","geometry":{"type":"Point","coordinates":[-75.0,10.0]},"properties":{"date":"2026-09-23","WS":6.8,"WD":303.0}},{"type":"Feature","geometry":{"type":"Point","coordinates":[-70.0,10.0]},"properties":{"date":"2026-09-23","WS":1.4,"WD":26.0}},{"type":"Feature","geometry":{"type":"Point","coordinates":[-65.0,10.0]},"properties":{"date":"2026-09-23","WS":9.7,"WD":88.0}},{"type":"Feature","geometry":{"type":"Point","coordinates":[-60.0,10.0]},"properties":{"date":"2026-09-23","WS":16.2,"WD":88.0}},{"type":"Feature","geometry":{"type":"Point","coordinates":[-55.0,10.0]},"properties":{"date":"2026-09-23","WS":13.8,"WD":82.0}},{"type":"Feature","geometry":{"type":"Point","coordinates":[-50.0,10.0]},"properties":{"date":"2026-09-23","WS":13.8,"WD":64.0}},{"type":"Feature","geometry":{"type":"Point","coordinates":[-45.0,10.0]},"properties":{"date":"2026-09-23","WS":15.5,"WD":50.0}},{"type":"Feature","geometry":{"type":"Point","coordinates":[-40.0,10.0]},"properties":{"date":"2026-09-23","WS":13.0,"WD":59.0}},{"type":"Feature","geometry":{"type":"Point","coordinates":[-35.0,10.0]},"properties":{"date":"2026-09-23","WS":9.3,"WD":60.0}},{"type":"Feature","geometry":{"type":"Point","coordinates":[-30.0,10.0]},"properties":{"date":"2026-09-23","WS":7.5,"WD":42.0}},{"type":"Feature","geometry":{"type":"Point","coordinates":[-25.0,10.0]},"properties":{"date":"2026-09-23","WS":7.5,"WD":99.0}},{"type":"Feature","geometry":{"type":"Point","coordinates":[-20.0,10.0]},"properties":{"date":"2026-09-23","WS":16.3,"WD":145.0}},{"type":"Feature","geometry":{"type":"Point","coordinates":[-15.0,10.0]},"properties":{"date":"2026-09-23","WS":25.9,"WD":157.0}},{"type":"Feature","geometry":{"type":"Point","coordinates":[-10.0,10.0]},"properties":{"date":"2026-09-23","WS":17.5,"WD":150.0}},{"type":"Feature","geometry":{"type":"Point","coordinates":[-5.0,10.0]},"properties":{"date":"2026-09-23","WS":9.2,"WD":148.0}},{"type":"Feature","geometry":{"type":"Point","coordinates":[0.0,10.0]},"properties":{"date":"2026-09-23","WS":6.0,"WD":172.0}},{"type":"Feature","geometry":{"type":"Point","coordinates":[5.0,10.0]},"properties":{"date":"2026-09-23","WS":5.2,"WD":152.0}},{"type":"Feature","geometry":{"type":"Point","coordinates":[10.0,10.0]},"properties":{"date":"2026-09-23","WS":3.8,"WD":154.0}},{"type":"Feature","geometry":{"type":"Point","coordinates":[15.0,10.0]},"properties":{"date":"2026-09-23","WS":2.8,"WD":181.0}},{"type":"Feature","geometry":{"type":"Point","coordinates":[20.0,10.0]},"properties":{"date":"2026-09-23","WS":2.2,"WD":140.0}},{"type":"Feature","geometry":{"type":"Point","coordinates":[25.0,10.0]},"properties":{"date":"2026-09-23","WS":2.9,"WD":129.0}},{"type":"Feature","geometry":{"type":"Point","coordinates":[30.0,10.0]},"properties":{"date":"2026-09-23","WS":6.1,"WD":167.0}},{"type":"Feature","geometry":{"type":"Point","coordinates":[35.0,10.0]},"properties":{"date":"2026-09-23","WS":4.6,"WD":121.0}},{"type":"Feature","geometry":{"type":"Point","coordinates":[40.0,10.0]},"properties":{"date":"2026-09-23","WS":8.1,"WD":105.0}},{"type":"Feature","geometry":{"type":"Point","coordinates":[45.0,10.0]},"properties":{"date":"2026-09-23","WS":11.3,"WD":96.0}},{"type":"Feature","geometry":{"type":"Point","coordinates":[50.0,10.0]},"properties":{"date":"2026-09-23","WS":6.0,"WD":130.0}},{"type":"Feature","geometry":{"type":"Point","coordinates":[55.0,10.0]},"properties":{"date":"2026-09-23","WS":6.3,"WD":237.0}},{"type":"Feature","geometry":{"type":"Point","coordinates":[60.0,10.0]},"properties":{"date":"2026-09-23","WS":11.5,"WD":269.0}},{"type":"Feature","geometry":{"type":"Point","coordinates":[65.0,10.0]},"properties":{"date":"2026-09-23","WS":9.6,"WD":262.0}},{"type":"Feature","geometry":{"type":"Point","coordinates":[70.0,10.0]},"properties":{"date":"2026-09-23","WS":11.0,"WD":278.0}},{"type":"Feature","geometry":{"type":"Point","coordinates":[75.0,10.0]},"properties":{"date":"2026-09-23","WS":17.0,"WD":287.0}},{"type":"Feature","geometry":{"type":"Point","coordinates":[80.0,10.0]},"properties":{"date":"2026-09-23","WS":8.6,"WD":258.0}},{"type":"Feature","geometry":{"type":"Point","coordinates":[85.0,10.0]},"properties":{"date":"2026-09-23","WS":14.0,"WD":204.0}},{"type":"Feature","geometry":{"type":"Point","coordinates":[90.0,10.0]},"properties":{"date":"2026-09-23","WS":23.0,"WD":211.0}},{"type":"Feature","geometry":{"type":"Point","coordinates":[95.0,10.0]},"properties":{"date":"2026-09-23","WS":15.4,"WD":194.0}},{"type":"Feature","geometry":{"type":"Point","coordinates":[100.0,10.0]},"properties":{"date":"2026-09-23","WS":9.4,"WD":196.0}},{"type":"Feature","geometry":{"type":"Point","coordinates":[105.0,10.0]},"properties":{"date":"2026-09-23","WS":10.8,"WD":231.0}},{"type":"Feature","geometry":{"type":"Point","coordinates":[110.0,10.0]},"properties":{"date":"2026-09-23","WS":3.5,"WD":202.0}},{"type":"Feature","geometry":{"type":"Point","coordinates":[115.0,10.0]},"properties":{"date":"2026-09-23","WS":3.9,"WD":53.0}},{"type":"Feature","geometry":{"type":"Point","coordinates":[120.0,10.0]},"properties":{"date":"2026-09-23","WS":5.9,"WD":19.0}},{"type":"Feature","geometry":{"type":"Point","coordinates":[125.0,10.0]},"properties":{"date":"2026-09-23","WS":5.4,"WD":39.0}},{"type":"Feature","geometry":{"type":"Point","coordinates":[130.0,10.0]},"properties":{"date":"2026-09-23","WS":2.1,"WD":300.0}},{"type":"Feature","geometry":{"type":"Point","coordinates":[135.0,10.0]},"properties":{"date":"2026-09-23","WS":12.2,"WD":255.0}},{"type":"Feature","geometry":{"type":"Point","coordinates":[140.0,10.0]},"properties":{"date":"2026-09-23","WS":3.9,"WD":271.0}},{"type":"Feature","geometry":{"type":"Point","coordinates":[145.0,10.0]},"properties":{"date":"2026-09-23","WS":4.9,"WD":290.0}},{"type":"Feature","geometry":{"type":"Point","coordinates":[150.0,10.0]},"properties":{"date":"2026-09-23","WS":12.9,"WD":280.0}},{"type":"Feature","geometry":{"type":"Point","coordinates":[155.0,10.0]},"properties":{"date":"2026-09-23","WS":6.1,"WD":261.0}},{"type":"Feature","geometry":{"type":"Point","coordinates":[160.0,10.0]},"properties":{"date":"2026-09-23","WS":9.6,"WD":229.0}},{"type":"Feature","geometry":{"type":"Point","coordinates":[165.0,10.0]},"properties":{"date":"2026-09-23","WS":18.4,"WD":235.0}},{"type":"Feature","geometry":{"type":"Point","coordinates":[170.0,10.0]},"properties":{"date":"2026-09-23","WS":9.9,"WD":218.0}},{"type":"Feature","geometry":{"type":"Point","coordinates":[175.0,10.0]},"properties":{"date":"2026-09-23","WS":6.3,"WD":165.0}},{"type":"Feature","geometry":{"type":"Point","coordinates":[-180.0,15.0]},"properties":{"date":"2026-09-23","WS":8.7,"WD":134.0}},{"type":"Feature","geometry":{"type":"Point","coordinates":[-175.0,15.0]},"properties":{"date":"2026-09-23","WS":7.1,"WD":109.0}},{"type":"Feature","geometry":{"type":"Point","coordinates":[-170.0,15.0]},"properties":{"date":"2026-09-23","WS":6.5,"WD":61.0}},{"type":"Feature","geometry":{"type":"Point","coordinates":[-165.0,15.0]},"properties":{"date":"2026-09-23","WS":9.1,"WD":43.0}},{"type":"Feature","geometry":{"type":"Point","coordinates":[-160.0,15.0]},"properties":{"date":"2026-09-23","WS":6.0,"WD":48.0}},{"type":"Feature","geometry":{"type":"Point","coordinates":[-155.0,15.0]},"properties":{"date":"2026-09-23","WS":4.7,"WD":99.0}},{"type":"Feature","geometry":{"type":"Point","coordinates":[-150.0,15.0]},"properties":{"date":"2026-09-23","WS":4.5,"WD":135.0}},{"type":"Feature","geometry":{"type":"Point","coordinates":[-145.0,15.0]},"properties":{"date":"2026-09-23","WS":2.9,"WD":129.0}},{"type":"Feature","geometry":{"type":"Point","coordinates":[-140.0,15.0]},"properties":{"date":"2026-09-23","WS":2.3,"WD":17.0}},{"type":"Feature","geometry":{"type":"Point","coordinates":[-135.0,15.0]},"properties":{"date":"2026-09-23","WS":3.6,"WD":324.0}},{"type":"Feature","geometry":{"type":"Point","coordinates":[-130.0,15.0]},"properties":{"date":"2026-09-23","WS":2.7,"WD":353.0}},{"type":"Feature","geometry":{"type":"Point","coordinates":[-125.0,15.0]},"properties":{"date":"2026-09-23","WS":0.7,"WD":312.0}},{"type":"Feature","geometry":{"type":"Point","coordinates":[-120.0,15.0]},"properties":{"date":"2026-09-23","WS":1.2,"WD":214.0}},{"type":"Feature","geometry":{"type":"Point","coordinates":[-115.0,15.0]},"properties":{"date":"2026-09-23","WS":1.7,"WD":239.0}},{"type":"Feature","geometry":{"type":"Point","coordinates":[-110.0,15.0]},"properties":{"date":"2026-09-23","WS":4.5,"WD":237.0}},{"type":"Feature","geometry":{"type":"Point","coordinates":[-105.0,15.0]},"properties":{"date":"2026-09-23","WS":5.4,"WD":254.0}},{"type":"Feature","geometry":{"type":"Point","coordinates":[-100.0,15.0]},"properties":{"date":"2026-09-23","WS":4.2,"WD":244.0}},{"type":"Feature","geometry":{"type":"Point","coordinates":[-95.0,15.0]},"properties":{"date":"2026-09-23","WS":1.2,"WD":263.0}},{"type":"Feature","geometry":{"type":"Point","coordinates":[-90.0,15.0]},"properties":{"date":"2026-09-23","WS":0.7,"WD":304.0}},{"type":"Feature","geometry":{"type":"Point","coordinates":[-85.0,15.0]},"properties":{"date":"2026-09-23","WS":0.7,"WD":37.0}},{"type":"Feature","geometry":{"type":"Point","coordinates":[-80.0,15.0]},"properties":{"date":"2026-09-23","WS":1.3,"WD":318.0}},{"type":"Feature","geometry":{"type":"Point","coordinates":[-75.0,15.0]},"properties":{"date":"2026-09-23","WS":1.2,"WD":339.0}},{"type":"Feature","geometry":{"type":"Point","coordinates":[-70.0,15.0]},"properties":{"date":"2026-09-23","WS":2.5,"WD":81.0}},{"type":"Feature","geometry":{"type":"Point","coordinates":[-65.0,15.0]},"properties":{"date":"2026-09-23","WS":9.3,"WD":92.0}},{"type":"Feature","geometry":{"type":"Point","coordinates":[-60.0,15.0]},"properties":{"date":"2026-09-23","WS":12.4,"WD":92.0}},{"type":"Feature","geometry":{"type":"Point","coordinates":[-55.0,15.0]},"properties":{"date":"2026-09-23","WS":12.5,"WD":86.0}},{"type":"Feature","geometry":{"type":"Point","coordinates":[-50.0,15.0]},"properties":{"date":"2026-09-23","WS":13.5,"WD":72.0}},{"type":"Feature","geometry":{"type":"Point","coordinates":[-45.0,15.0]},"properties":{"date":"2026-09-23","WS":13.9,"WD":65.0}},{"type":"Feature","geometry":{"type":"Point","coordinates":[-40.0,15.0]},"properties":{"date":"2026-09-23","WS":13.4,"WD":62.0}},{"type":"Feature","geometry":{"type":"Point","coordinates":[-35.0,15.0]},"properties":{"date":"2026-09-23","WS":11.7,"WD":58.0}},{"type":"Feature","geometry":{"type":"Point","coordinates":[-30.0,15.0]},"properties":{"date":"2026-09-23","WS":11.3,"WD":55.0}},{"type":"Feature","geometry":{"type":"Point","coordinates":[-25.0,15.0]},"properties":{"date":"2026-09-23","WS":9.8,"WD":81.0}},{"type":"Feature","geometry":{"type":"Point","coordinates":[-20.0,15.0]},"properties":{"date":"2026-09-23","WS":11.9,"WD":118.0}},{"type":"Feature","geometry":{"type":"Point","coordinates":[-15.0,15.0]},"properties":{"date":"2026-09-23","WS":14.5,"WD":132.0}},{"type":"Feature","geometry":{"type":"Point","coordinates":[-10.0,15.0]},"properties":{"date":"2026-09-23","WS":12.6,"WD":128.0}},{"type":"Feature","geometry":{"type":"Point","coordinates":[-5.0,15.0]},"properties":{"date":"2026-09-23","WS":8.4,"WD":112.0}},{"type":"Feature","geometry":{"type":"Point","coordinates":[0.0,15.0]},"properties":{"date":"2026-09-23","WS":6.7,"WD":102.0}},{"type":"Feature","geometry":{"type":"Point","coordinates":[5.0,15.0]},"properties":{"date":"2026-09-23","WS":4.8,"WD":110.0}},{"type":"Feature","geometry":{"type":"Point","coordinates":[10.0,15.0]},"properties":{"date":"2026-09-23","WS":3.5,"WD":154.0}},{"type":"Feature","geometry":{"type":"Point","coordinates":[15.0,15.0]},"properties":{"date":"2026-09-23","WS":3.9,"WD":188.0}},{"type":"Feature","geometry":{"type":"Point","coordinates":[20.0,15.0]},"properties":{"date":"2026-09-23","WS":1.9,"WD":156.0}},{"type":"Feature","geometry":{"type":"Point","coordinates":[25.0,15.0]},"properties":{"date":"2026-09-23","WS":3.7,"WD":37.0}},{"type":"Feature","geometry":{"type":"Point","coordinates":[30.0,15.0]},"properties":{"date":"2026-09-23","WS":6.0,"WD":38.0}},{"type":"Feature","geometry":{"type":"Point","coordinates":[35.0,15.0]},"properties":{"date":"2026-09-23","WS":6.5,"WD":53.0}},{"type":"Feature","geometry":{"type":"Point","coordinates":[40.0,15.0]},"properties":{"date":"2026-09-23","WS":6.9,"WD":92.0}},{"type":"Feature","geometry":{"type":"Point","coordinates":[45.0,15.0]},"properties":{"date":"2026-09-23","WS":8.0,"WD":105.0}},{"type":"Feature","geometry":{"type":"Point","coordinates":[50.0,15.0]},"properties":{"date":"2026-09-23","WS":4.3,"WD":136.0}},{"type":"Feature","geometry":{"type":"Point","coordinates":[55.0,15.0]},"properties":{"date":"2026-09-23","WS":5.8,"WD":227.0}},{"type":"Feature","geometry":{"type":"Point","coordinates":[60.0,15.0]},"properties":{"date":"2026-09-23","WS":10.0,"WD":244.0}},{"type":"Feature","geometry":{"type":"Point","coordinates":[65.0,15.0]},"properties":{"date":"2026-09-23","WS":9.6,"WD":260.0}},{"type":"Feature","geometry":{"type":"Point","coordinates":[70.0,15.0]},"properties":{"date":"2026-09-23","WS":9.3,"WD":286.0}},{"type":"Feature","geometry":{"type":"Point","coordinates":[75.0,15.0]},"properties":{"date":"2026-09-23","WS":10.3,"WD":296.0}},{"type":"Feature","geometry":{"type":"Point","coordinates":[80.0,15.0]},"properties":{"date":"2026-09-23","WS":5.7,"WD":260.0}},{"type":"Feature","geometry":{"type":"Point","coordinates":[85.0,15.0]},"properties":{"date":"2026-09-23","WS":12.1,"WD":185.0}},{"type":"Feature","geometry":{"type":"Point","coordinates":[90.0,15.0]},"properties":{"date":"2026-09-23","WS":17.1,"WD":177.0}},{"type":"Feature","geometry":{"type":"Point","coordinates":[95.0,15.0]},"properties":{"date":"2026-09-23","WS":14.4,"WD":175.0}},{"type":"Feature","geometry":{"type":"Point","coordinates":[100.0,15.0]},"properties":{"date":"2026-09-23","WS":7.1,"WD":178.0}},{"type":"Feature","geometry":{"type":"Point","coordinates":[105.0,15.0]},"properties":{"date":"2026-09-23","WS":2.7,"WD":195.0}},{"type":"Feature","geometry":{"type":"Point","coordinates":[110.0,15.0]},"properties":{"date":"2026-09-23","WS":1.8,"WD":100.0}},{"type":"Feature","geometry":{"type":"Point","coordinates":[115.0,15.0]},"properties":{"date":"2026-09-23","WS":6.9,"WD":54.0}},{"type":"Feature","geometry":{"type":"Point","coordinates":[120.0,15.0]},"properties":{"date":"2026-09-23","WS":9.2,"WD":52.0}},{"type":"Feature","geometry":{"type":"Point","coordinates":[125.0,15.0]},"properties":{"date":"2026-09-23","WS":9.2,"WD":50.0}},{"type":"Feature","geometry":{"type":"Point","coordinates":[130.0,15.0]},"properties":{"date":"2026-09-23","WS":6.9,"WD":43.0}},{"type":"Feature","geometry":{"type":"Point","coordinates":[135.0,15.0]},"properties":{"date":"2026-09-23","WS":5.7,"WD":32.0}},{"type":"Feature","geometry":{"type":"Point","coordinates":[140.0,15.0]},"properties":{"date":"2026-09-23","WS":5.4,"WD":26.0}},{"type":"Feature","geometry":{"type":"Point","coordinates":[145.0,15.0]},"properties":{"date":"2026-09-23","WS":5.5,"WD":11.0}},{"type":"Feature","geometry":{"type":"Point","coordinates":[150.0,15.0]},"properties":{"date":"2026-09-23","WS":5.1,"WD":357.0}},{"type":"Feature","geometry":{"type":"Point","coordinates":[155.0,15.0]},"properties":{"date":"2026-09-23","WS":3.0,"WD":0.0}},{"type":"Feature","geometry":{"type":"Point","coordinates":[160.0,15.0]},"properties":{"date":"2026-09-23","WS":1.9,"WD":187.0}},{"type":"Feature","geometry":{"type":"Point","coordinates":[165.0,15.0]},"properties":{"date":"2026-09-23","WS":3.9,"WD":173.0}},{"type":"Feature","geometry":{"type":"Point","coordinates":[170.0,15.0]},"properties":{"date":"2026-09-23","WS":5.5,"WD":158.0}},{"type":"Feature","geometry":{"type":"Point","coordinates":[175.0,15.0]},"properties":{"date":"2026-09-23","WS":7.4,"WD":138.0}},{"type":"Feature","geometry":{"type":"Point","coordinates":[-180.0,20.0]},"properties":{"date":"2026-09-23","WS":13.8,"WD":118.0}},{"type":"Feature","geometry":{"type":"Point","coordinates":[-175.0,20.0]},"properties":{"date":"2026-09-23","WS":9.1,"WD":110.0}},{"type":"Feature","geometry":{"type":"Point","coordinates":[-170.0,20.0]},"properties":{"date":"2026-09-23","WS":9.3,"WD":59.0}},{"type":"Feature","geometry":{"type":"Point","coordinates":[-165.0,20.0]},"properties":{"date":"2026-09-23","WS":16.2,"WD":47.0}},{"type":"Feature","geometry":{"type":"Point","coordinates":[-160.0,20.0]},"properties":{"date":"2026-09-23","WS":10.6,"WD":52.0}},{"type":"Feature","geometry":{"type":"Point","coordinates":[-155.0,20.0]},"properties":{"date":"2026-09-23","WS":13.2,"WD":73.0}},{"type":"Feature","geometry":{"type":"Point","coordinates":[-150.0,20.0]},"properties":{"date":"2026-09-23","WS":24.0,"WD":74.0}},{"type":"Feature","geometry":{"type":"Point","coordinates":[-145.0,20.0]},"properties":{"date":"2026-09-23","WS":13.1,"WD":73.0}},{"type":"Feature","geometry":{"type":"Point","coordinates":[-140.0,20.0]},"properties":{"date":"2026-09-23","WS":11.4,"WD":50.0}},{"type":"Feature","geometry":{"type":"Point","coordinates":[-135.0,20.0]},"properties":{"date":"2026-09-23","WS":18.6,"WD":45.0}},{"type":"Feature","geometry":{"type":"Point","coordinates":[-130.0,20.0]},"properties":{"date":"2026-09-23","WS":10.8,"WD":36.0}},{"type":"Feature","geometry":{"type":"Point","coordinates":[-125.0,20.0]},"properties":{"date":"2026-09-23","WS":7.8,"WD":26.0}},{"type":"Feature","geometry":{"type":"Point","coordinates":[-120.0,20.0]},"properties":{"date":"2026-09-23","WS":11.1,"WD":36.0}},{"type":"Feature","geometry":{"type":"Point","coordinates":[-115.0,20.0]},"properties":{"date":"2026-09-23","WS":4.7,"WD":23.0}},{"type":"Feature","geometry":{"type":"Point","coordinates":[-110.0,20.0]},"properties":{"date":"2026-09-23","WS":1.8,"WD":16.0}},{"type":"Feature","geometry":{"type":"Point","coordinates":[-105.0,20.0]},"properties":{"date":"2026-09-23","WS":5.5,"WD":35.0}},{"type":"Feature","geometry":{"type":"Point","coordinates":[-100.0,20.0]},"properties":{"date":"2026-09-23","WS":1.6,"WD":52.0}},{"type":"Feature","geometry":{"type":"Point","coordinates":[-95.0,20.0]},"properties":{"date":"2026-09-23","WS":3.2,"WD":76.0}},{"type":"Feature","geometry":{"type":"Point","coordinates":[-90.0,20.0]},"properties":{"date":"2026-09-23","WS":6.8,"WD":78.0}},{"type":"Feature","geometry":{"type":"Point","coordinates":[-85.0,20.0]},"properties":{"date":"2026-09-23","WS":3.4,"WD":65.0}},{"type":"Feature","geometry":{"type":"Point","coordinates":[-80.0,20.0]},"properties":{"date":"2026-09-23","WS":2.2,"WD":67.0}},{"type":"Feature","geometry":{"type":"Point","coordinates":[-75.0,20.0]},"properties":{"date":"2026-09-23","WS":5.9,"WD":86.0}},{"type":"Feature","geometry":{"type":"Point","coordinates":[-70.0,20.0]},"properties":{"date":"2026-09-23","WS":4.4,"WD":95.0}},{"type":"Feature","geometry":{"type":"Point","coordinates":[-65.0,20.0]},"properties":{"date":"2026-09-23","WS":8.1,"WD":102.0}},{"type":"Feature","geometry":{"type":"Point","coordinates":[-60.0,20.0]},"properties":{"date":"2026-09-23","WS":10.5,"WD":103.0}},{"type":"Feature","geometry":{"type":"Point","coordinates":[-55.0,20.0]},"properties":{"date":"2026-09-23","WS":11.6,"WD":94.0}},{"type":"Feature","geometry":{"type":"Point","coordinates":[-50.0,20.0]},"properties":{"date":"2026-09-23","WS":12.9,"WD":80.0}},{"type":"Feature","geometry":{"type":"Point","coordinates":[-45.0,20.0]},"properties":{"date":"2026-09-23","WS":14.0,"WD":75.0}},{"type":"Feature","geometry":{"type":"Point","coordinates":[-40.0,20.0]},"properties":{"date":"2026-09-23","WS":13.4,"WD":69.0}},{"type":"Feature","geometry":{"type":"Point","coordinates":[-35.0,20.0]},"properties":{"date":"2026-09-23","WS":14.0,"WD":59.0}},{"type":"Feature","geometry":{"type":"Point","coordinates":[-30.0,20.0]},"properties":{"date":"2026-09-23","WS":15.9,"WD":54.0}},{"type":"Feature","geometry":{"type":"Point","coordinates":[-25.0,20.0]},"properties":{"date":"2026-09-23","WS":12.7,"WD":65.0}},{"type":"Feature","geometry":{"type":"Point","coordinates":[-20.0,20.0]},"properties":{"date":"2026-09-23","WS":11.6,"WD":86.0}},{"type":"Feature","geometry":{"type":"Point","coordinates":[-15.0,20.0]},"properties":{"date":"2026-09-23","WS":12.8,"WD":86.0}},{"type":"Feature","geometry":{"type":"Point","coordinates":[-10.0,20.0]},"properties":{"date":"2026-09-23","WS":11.0,"WD":91.0}},{"type":"Feature","geometry":{"type":"Point","coordinates":[-5.0,20.0]},"properties":{"date":"2026-09-23","WS":10.8,"WD":78.0}},{"type":"Feature","geometry":{"type":"Point","coordinates":[0.0,20.0]},"properties":{"date":"2026-09-23","WS":14.0,"WD":68.0}},{"type":"Feature","geometry":{"type":"Point","coordinates":[5.0,20.0]},"properties":{"date":"2026-09-23","WS":7.9,"WD":73.0}},{"type":"Feature","geometry":{"type":"Point","coordinates":[10.0,20.0]},"properties":{"date":"2026-09-23","WS":3.2,"WD":162.0}},{"type":"Feature","geometry":{"type":"Point","coordinates":[15.0,20.0]},"properties":{"date":"2026-09-23","WS":9.1,"WD":203.0}},{"type":"Feature","geometry":{"type":"Point","coordinates":[20.0,20.0]},"properties":{"date":"2026-09-23","WS":1.6,"WD":195.0}},{"type":"Feature","geometry":{"type":"Point","coordinates":[25.0,20.0]},"properties":{"date":"2026-09-23","WS":9.2,"WD":21.0}},{"type":"Feature","geometry":{"type":"Point","coordinates":[30.0,20.0]},"properties":{"date":"2026-09-23","WS":18.2,"WD":21.0}},{"type":"Feature","geometry":{"type":"Point","coordinates":[35.0,20.0]},"properties":{"date":"2026-09-23","WS":10.5,"WD":27.0}},{"type":"Feature","geometry":{"type":"Point","coordinates":[40.0,20.0]},"properties":{"date":"2026-09-23","WS":6.4,"WD":72.0}},{"type":"Feature","geometry":{"type":"Point","coordinates":[45.0,20.0]},"properties":{"date":"2026-09-23","WS":9.8,"WD":101.0}},{"type":"Feature","geometry":{"type":"Point","coordinates":[50.0,20.0]},"properties":{"date":"2026-09-23","WS":3.8,"WD":115.0}},{"type":"Feature","geometry":{"type":"Point","coordinates":[55.0,20.0]},"properties":{"date":"2026-09-23","WS":7.2,"WD":225.0}},{"type":"Feature","geometry":{"type":"Point","coordinates":[60.0,20.0]},"properties":{"date":"2026-09-23","WS":16.2,"WD":227.0}},{"type":"Feature","geometry":{"type":"Point","coordinates":[65.0,20.0]},"properties":{"date":"2026-09-23","WS":8.8,"WD":245.0}},{"type":"Feature","geometry":{"type":"Point","coordinates":[70.0,20.0]},"properties":{"date":"2026-09-23","WS":7.2,"WD":310.0}},{"type":"Feature","geometry":{"type":"Point","coordinates":[75.0,20.0]},"properties":{"date":"2026-09-23","WS":11.0,"WD":335.0}},{"type":"Feature","geometry":{"type":"Point","coordinates":[80.0,20.0]},"properties":{"date":"2026-09-23","WS":2.8,"WD":287.0}},{"type":"Feature","geometry":{"type":"Point","coordinates":[85.0,20.0]},"properties":{"date":"2026-09-23","WS":13.7,"WD":157.0}},{"type":"Feature","geometry":{"type":"Point","coordinates":[90.0,20.0]},"properties":{"date":"2026-09-23","WS":26.0,"WD":143.0}},{"type":"Feature","geometry":{"type":"Point","coordinates":[95.0,20.0]},"properties":{"date":"2026-09-23","WS":16.0,"WD":154.0}},{"type":"Feature","geometry":{"type":"Point","coordinates":[100.0,20.0]},"properties":{"date":"2026-09-23","WS":5.3,"WD":141.0}},{"type":"Feature","geometry":{"type":"Point","coordinates":[105.0,20.0]},"properties":{"date":"2026-09-23","WS":6.3,"WD":57.0}},{"type":"Feature","geometry":{"type":"Point","coordinates":[110.0,20.0]},"properties":{"date":"2026-09-23","WS":5.2,"WD":64.0}},{"type":"Feature","geometry":{"type":"Point","coordinates":[115.0,20.0]},"properties":{"date":"2026-09-23","WS":10.2,"WD":61.0}},{"type":"Feature","geometry":{"type":"Point","coordinates":[120.0,20.0]},"properties":{"date":"2026-09-23","WS":16.7,"WD":60.0}},{"type":"Feature","geometry":{"type":"Point","coordinates":[125.0,20.0]},"properties":{"date":"2026-09-23","WS":12.0,"WD":56.0}},{"type":"Feature","geometry":{"type":"Point","coordinates":[130.0,20.0]},"properties":{"date":"2026-09-23","WS":14.2,"WD":53.0}},{"type":"Feature","geometry":{"type":"Point","coordinates":[135.0,20.0]},"properties":{"date":"2026-09-23","WS":25.2,"WD":54.0}},{"type":"Feature","geometry":{"type":"Point","coordinates":[140.0,20.0]},"properties":{"date":"2026-09-23","WS":13.3,"WD":46.0}},{"type":"Feature","geometry":{"type":"Point","coordinates":[145.0,20.0]},"properties":{"date":"2026-09-23","WS":10.2,"WD":36.0}},{"type":"Feature","geometry":{"type":"Point","coordinates":[150.0,20.0]},"properties":{"date":"2026-09-23","WS":14.6,"WD":47.0}},{"type":"Feature","geometry":{"type":"Point","coordinates":[155.0,20.0]},"properties":{"date":"2026-09-23","WS":8.8,"WD":43.0}},{"type":"Feature","geometry":{"type":"Point","coordinates":[160.0,20.0]},"properties":{"date":"2026-09-23","WS":7.9,"WD":72.0}},{"type":"Feature","geometry":{"type":"Point","coordinates":[165.0,20.0]},"properties":{"date":"2026-09-23","WS":14.6,"WD":80.0}},{"type":"Feature","geometry":{"type":"Point","coordinates":[170.0,20.0]},"properties":{"date":"2026-09-23","WS":9.0,"WD":102.0}},{"type":"Feature","geometry":{"type":"Point","coordinates":[175.0,20.0]},"properties":{"date":"2026-09-23","WS":10.2,"WD":122.0}},{"type":"Feature","geometry":{"type":"Point","coordinates":[-180.0,25.0]},"properties":{"date":"2026-09-23","WS":9.5,"WD":142.0}},{"type":"Feature","geometry":{"type":"Point","coordinates":[-175.0,25.0]},"properties":{"date":"2026-09-23","WS":6.9,"WD":135.0}},{"type":"Feature","geometry":{"type":"Point","coordinates":[-170.0,25.0]},"properties":{"date":"2026-09-23","WS":5.0,"WD":70.0}},{"type":"Feature","geometry":{"type":"Point","coordinates":[-165.0,25.0]},"properties":{"date":"2026-09-23","WS":6.6,"WD":40.0}},{"type":"Feature","geometry":{"type":"Point","coordinates":[-160.0,25.0]},"properties":{"date":"2026-09-23","WS":7.8,"WD":58.0}},{"type":"Feature","geometry":{"type":"Point","coordinates":[-155.0,25.0]},"properties":{"date":"2026-09-23","WS":10.6,"WD":74.0}},{"type":"Feature","geometry":{"type":"Point","coordinates":[-150.0,25.0]},"properties":{"date":"2026-09-23","WS":13.0,"WD":80.0}},{"type":"Feature","geometry":{"type":"Point","coordinates":[-145.0,25.0]},"properties":{"date":"2026-09-23","WS":13.2,"WD":72.0}},{"type":"Feature","geometry":{"type":"Point","coordinates":[-140.0,25.0]},"properties":{"date":"2026-09-23","WS":12.1,"WD":60.0}},{"type":"Feature","geometry":{"type":"Point","coordinates":[-135.0,25.0]},"properties":{"date":"2026-09-23","WS":13.0,"WD":48.0}},{"type":"Feature","geometry":{"type":"Point","coordinates":[-130.0,25.0]},"properties":{"date":"2026-09-23","WS":10.8,"WD":39.0}},{"type":"Feature","geometry":{"type":"Point","coordinates":[-125.0,25.0]},"properties":{"date":"2026-09-23","WS":9.8,"WD":14.0}},{"type":"Feature","geometry":{"type":"Point","coordinates":[-120.0,25.0]},"properties":{"date":"2026-09-23","WS":9.6,"WD":2.0}},{"type":"Feature","geometry":{"type":"Point","coordinates":[-115.0,25.0]},"properties":{"date":"2026-09-23","WS":5.7,"WD":3.0}},{"type":"Feature","geometry":{"type":"Point","coordinates":[-110.0,25.0]},"properties":{"date":"2026-09-23","WS":1.1,"WD":116.0}},{"type":"Feature","geometry":{"type":"Point","coordinates":[-105.0,25.0]},"properties":{"date":"2026-09-23","WS":4.1,"WD":142.0}},{"type":"Feature","geometry":{"type":"Point","coordinates":[-100.0,25.0]},"properties":{"date":"2026-09-23","WS":3.5,"WD":136.0}},{"type":"Feature","geometry":{"type":"Point","coordinates":[-95.0,25.0]},"properties":{"date":"2026-09-23","WS":5.2,"WD":72.0}},{"type":"Feature","geometry":{"type":"Point","coordinates":[-90.0,25.0]},"properties":{"date":"2026-09-23","WS":5.6,"WD":64.0}},{"type":"Feature","geometry":{"type":"Point","coordinates":[-85.0,25.0]},"properties":{"date":"2026-09-23","WS":4.0,"WD":55.0}},{"type":"Feature","geometry":{"type":"Point","coordinates":[-80.0,25.0]},"properties":{"date":"2026-09-23","WS":0.9,"WD":352.0}},{"type":"Feature","geometry":{"type":"Point","coordinates":[-75.0,25.0]},"properties":{"date":"2026-09-23","WS":1.7,"WD":243.0}},{"type":"Feature","geometry":{"type":"Point","coordinates":[-70.0,25.0]},"properties":{"date":"2026-09-23","WS":1.4,"WD":137.0}},{"type":"Feature","geometry":{"type":"Point","coordinates":[-65.0,25.0]},"properties":{"date":"2026-09-23","WS":8.7,"WD":105.0}},{"type":"Feature","geometry":{"type":"Point","coordinates":[-60.0,25.0]},"properties":{"date":"2026-09-23","WS":11.7,"WD":105.0}},{"type":"Feature","geometry":{"type":"Point","coordinates":[-55.0,25.0]},"properties":{"date":"2026-09-23","WS":12.4,"WD":97.0}},{"type":"Feature","geometry":{"type":"Point","coordinates":[-50.0,25.0]},"properties":{"date":"2026-09-23","WS":11.3,"WD":82.0}},{"type":"Feature","geometry":{"type":"Point","coordinates":[-45.0,25.0]},"properties":{"date":"2026-09-23","WS":12.2,"WD":79.0}},{"type":"Feature","geometry":{"type":"Point","coordinates":[-40.0,25.0]},"properties":{"date":"2026-09-23","WS":12.6,"WD":69.0}},{"type":"Feature","geometry":{"type":"Point","coordinates":[-35.0,25.0]},"properties":{"date":"2026-09-23","WS":12.1,"WD":67.0}},{"type":"Feature","geometry":{"type":"Point","coordinates":[-30.0,25.0]},"properties":{"date":"2026-09-23","WS":13.0,"WD":62.0}},{"type":"Feature","geometry":{"type":"Point","coordinates":[-25.0,25.0]},"properties":{"date":"2026-09-23","WS":12.1,"WD":63.0}},{"type":"Feature","geometry":{"type":"Point","coordinates":[-20.0,25.0]},"properties":{"date":"2026-09-23","WS":12.1,"WD":69.0}},{"type":"Feature","geometry":{"type":"Point","coordinates":[-15.0,25.0]},"properties":{"date":"2026-09-23","WS":11.8,"WD":70.0}},{"type":"Feature","geometry":{"type":"Point","coordinates":[-10.0,25.0]},"properties":{"date":"2026-09-23","WS":11.5,"WD":68.0}},{"type":"Feature","geometry":{"type":"Point","coordinates":[-5.0,25.0]},"properties":{"date":"2026-09-23","WS":11.1,"WD":58.0}},{"type":"Feature","geometry":{"type":"Point","coordinates":[0.0,25.0]},"properties":{"date":"2026-09-23","WS":11.4,"WD":53.0}},{"type":"Feature","geometry":{"type":"Point","coordinates":[5.0,25.0]},"properties":{"date":"2026-09-23","WS":8.2,"WD":58.0}},{"type":"Feature","geometry":{"type":"Point","coordinates":[10.0,25.0]},"properties":{"date":"2026-09-23","WS":3.6,"WD":61.0}},{"type":"Feature","geometry":{"type":"Point","coordinates":[15.0,25.0]},"properties":{"date":"2026-09-23","WS":1.6,"WD":69.0}},{"type":"Feature","geometry":{"type":"Point","coordinates":[20.0,25.0]},"properties":{"date":"2026-09-23","WS":3.5,"WD":21.0}},{"type":"Feature","geometry":{"type":"Point","coordinates":[25.0,25.0]},"properties":{"date":"2026-09-23","WS":8.4,"WD":11.0}},{"type":"Feature","geometry":{"type":"Point","coordinates":[30.0,25.0]},"properties":{"date":"2026-09-23","WS":11.2,"WD":7.0}},{"type":"Feature","geometry":{"type":"Point","coordinates":[35.0,25.0]},"properties":{"date":"2026-09-23","WS":9.0,"WD":8.0}},{"type":"Feature","geometry":{"type":"Point","coordinates":[40.0,25.0]},"properties":{"date":"2026-09-23","WS":4.1,"WD":7.0}},{"type":"Feature","geometry":{"type":"Point","coordinates":[45.0,25.0]},"properties":{"date":"2026-09-23","WS":1.9,"WD":7.0}},{"type":"Feature","geometry":{"type":"Point","coordinates":[50.0,25.0]},"properties":{"date":"2026-09-23","WS":0.5,"WD":285.0}},{"type":"Feature","geometry":{"type":"Point","coordinates":[55.0,25.0]},"properties":{"date":"2026-09-23","WS":1.6,"WD":247.0}},{"type":"Feature","geometry":{"type":"Point","coordinates":[60.0,25.0]},"properties":{"date":"2026-09-23","WS":2.1,"WD":231.0}},{"type":"Feature","geometry":{"type":"Point","coordinates":[65.0,25.0]},"properties":{"date":"2026-09-23","WS":1.6,"WD":269.0}},{"type":"Feature","geometry":{"type":"Point","coordinates":[70.0,25.0]},"properties":{"date":"2026-09-23","WS":3.3,"WD":323.0}},{"type":"Feature","geometry":{"type":"Point","coordinates":[75.0,25.0]},"properties":{"date":"2026-09-23","WS":3.6,"WD":327.0}},{"type":"Feature","geometry":{"type":"Point","coordinates":[80.0,25.0]},"properties":{"date":"2026-09-23","WS":0.8,"WD":173.0}},{"type":"Feature","geometry":{"type":"Point","coordinates":[85.0,25.0]},"properties":{"date":"2026-09-23","WS":10.5,"WD":159.0}},{"type":"Feature","geometry":{"type":"Point","coordinates":[90.0,25.0]},"properties":{"date":"2026-09-23","WS":15.1,"WD":158.0}},{"type":"Feature","geometry":{"type":"Point","coordinates":[95.0,25.0]},"properties":{"date":"2026-09-23","WS":12.0,"WD":155.0}},{"type":"Feature","geometry":{"type":"Point","coordinates":[100.0,25.0]},"properties":{"date":"2026-09-23","WS":6.4,"WD":145.0}},{"type":"Feature","geometry":{"type":"Point","coordinates":[105.0,25.0]},"properties":{"date":"2026-09-23","WS":3.6,"WD":107.0}},{"type":"Feature","geometry":{"type":"Point","coordinates":[110.0,25.0]},"properties":{"date":"2026-09-23","WS":4.8,"WD":88.0}},{"type":"Feature","geometry":{"type":"Point","coordinates":[115.0,25.0]},"properties":{"date":"2026-09-23","WS":8.0,"WD":66.0}},{"type":"Feature","geometry":{"type":"Point","coordinates":[120.0,25.0]},"properties":{"date":"2026-09-23","WS":10.0,"WD":64.0}},{"type":"Feature","geometry":{"type":"Point","coordinates":[125.0,25.0]},"properties":{"date":"2026-09-23","WS":9.2,"WD":60.0}},{"type":"Feature","geometry":{"type":"Point","coordinates":[130.0,25.0]},"properties":{"date":"2026-09-23","WS":6.9,"WD":55.0}},{"type":"Feature","geometry":{"type":"Point","coordinates":[135.0,25.0]},"properties":{"date":"2026-09-23","WS":6.8,"WD":49.0}},{"type":"Feature","geometry":{"type":"Point","coordinates":[140.0,25.0]},"properties":{"date":"2026-09-23","WS":7.2,"WD":41.0}},{"type":"Feature","geometry":{"type":"Point","coordinates":[145.0,25.0]},"properties":{"date":"2026-09-23","WS":11.2,"WD":31.0}},{"type":"Feature","geometry":{"type":"Point","coordinates":[150.0,25.0]},"properties":{"date":"2026-09-23","WS":12.1,"WD":32.0}},{"type":"Feature","geometry":{"type":"Point","coordinates":[155.0,25.0]},"properties":{"date":"2026-09-23","WS":10.8,"WD":39.0}},{"type":"Feature","geometry":{"type":"Point","coordinates":[160.0,25.0]},"properties":{"date":"2026-09-23","WS":6.4,"WD":58.0}},{"type":"Feature","geometry":{"type":"Point","coordinates":[165.0,25.0]},"properties":{"date":"2026-09-23","WS":7.2,"WD":84.0}},{"type":"Feature","geometry":{"type":"Point","coordinates":[170.0,25.0]},"properties":{"date":"2026-09-23","WS":5.7,"WD":103.0}},{"type":"Feature","geometry":{"type":"Point","coordinates":[175.0,25.0]},"properties":{"date":"2026-09-23","WS":9.3,"WD":133.0}},{"type":"Feature","geometry":{"type":"Point","coordinates":[-180.0,30.0]},"properties":{"date":"2026-09-23","WS":9.1,"WD":159.0}},{"type":"Feature","geometry":{"type":"Point","coordinates":[-175.0,30.0]},"properties":{"date":"2026-09-23","WS":7.8,"WD":164.0}},{"type":"Feature","geometry":{"type":"Point","coordinates":[-170.0,30.0]},"properties":{"date":"2026-09-23","WS":2.3,"WD":187.0}},{"type":"Feature","geometry":{"type":"Point","coordinates":[-165.0,30.0]},"properties":{"date":"2026-09-23","WS":6.2,"WD":292.0}},{"type":"Feature","geometry":{"type":"Point","coordinates":[-160.0,30.0]},"properties":{"date":"2026-09-23","WS":3.4,"WD":59.0}},{"type":"Feature","geometry":{"type":"Point","coordinates":[-155.0,30.0]},"properties":{"date":"2026-09-23","WS":8.7,"WD":85.0}},{"type":"Feature","geometry":{"type":"Point","coordinates":[-150.0,30.0]},"properties":{"date":"2026-09-23","WS":8.2,"WD":108.0}},{"type":"Feature","geometry":{"type":"Point","coordinates":[-145.0,30.0]},"properties":{"date":"2026-09-23","WS":10.3,"WD":82.0}},{"type":"Feature","geometry":{"type":"Point","coordinates":[-140.0,30.0]},"properties":{"date":"2026-09-23","WS":12.1,"WD":65.0}},{"type":"Feature","geometry":{"type":"Point","coordinates":[-135.0,30.0]},"properties":{"date":"2026-09-23","WS":15.4,"WD":51.0}},{"type":"Feature","geometry":{"type":"Point","coordinates":[-130.0,30.0]},"properties":{"date":"2026-09-23","WS":9.6,"WD":43.0}},{"type":"Feature","geometry":{"type":"Point","coordinates":[-125.0,30.0]},"properties":{"date":"2026-09-23","WS":9.4,"WD":355.0}},{"type":"Feature","geometry":{"type":"Point","coordinates":[-120.0,30.0]},"properties":{"date":"2026-09-23","WS":14.3,"WD":340.0}},{"type":"Feature","geometry":{"type":"Point","coordinates":[-115.0,30.0]},"properties":{"date":"2026-09-23","WS":7.3,"WD":336.0}},{"type":"Feature","geometry":{"type":"Point","coordinates":[-110.0,30.0]},"properties":{"date":"2026-09-23","WS":4.2,"WD":170.0}},{"type":"Feature","geometry":{"type":"Point","coordinates":[-105.0,30.0]},"properties":{"date":"2026-09-23","WS":12.8,"WD":159.0}},{"type":"Feature","geometry":{"type":"Point","coordinates":[-100.0,30.0]},"properties":{"date":"2026-09-23","WS":6.4,"WD":148.0}},{"type":"Feature","geometry":{"type":"Point","coordinates":[-95.0,30.0]},"properties":{"date":"2026-09-23","WS":5.2,"WD":70.0}},{"type":"Feature","geometry":{"type":"Point","coordinates":[-90.0,30.0]},"properties":{"date":"2026-09-23","WS":7.9,"WD":53.0}},{"type":"Feature","geometry":{"type":"Point","coordinates":[-85.0,30.0]},"properties":{"date":"2026-09-23","WS":5.6,"WD":46.0}},{"type":"Feature","geometry":{"type":"Point","coordinates":[-80.0,30.0]},"properties":{"date":"2026-09-23","WS":3.2,"WD":286.0}},{"type":"Feature","geometry":{"type":"Point","coordinates":[-75.0,30.0]},"properties":{"date":"2026-09-23","WS":12.2,"WD":256.0}},{"type":"Feature","geometry":{"type":"Point","coordinates":[-70.0,30.0]},"properties":{"date":"2026-09-23","WS":1.2,"WD":242.0}},{"type":"Feature","geometry":{"type":"Point","coordinates":[-65.0,30.0]},"properties":{"date":"2026-09-23","WS":8.9,"WD":102.0}},{"type":"Feature","geometry":{"type":"Point","coordinates":[-60.0,30.0]},"properties":{"date":"2026-09-23","WS":12.5,"WD":120.0}},{"type":"Feature","geometry":{"type":"Point","coordinates":[-55.0,30.0]},"properties":{"date":"2026-09-23","WS":11.8,"WD":94.0}},{"type":"Feature","geometry":{"type":"Point","coordinates":[-50.0,30.0]},"properties":{"date":"2026-09-23","WS":11.4,"WD":81.0}},{"type":"Feature","geometry":{"type":"Point","coordinates":[-45.0,30.0]},"properties":{"date":"2026-09-23","WS":12.0,"WD":95.0}},{"type":"Feature","geometry":{"type":"Point","coordinates":[-40.0,30.0]},"properties":{"date":"2026-09-23","WS":10.0,"WD":76.0}},{"type":"Feature","geometry":{"type":"Point","coordinates":[-35.0,30.0]},"properties":{"date":"2026-09-23","WS":10.6,"WD":67.0}},{"type":"Feature","geometry":{"type":"Point","coordinates":[-30.0,30.0]},"properties":{"date":"2026-09-23","WS":14.0,"WD":64.0}},{"type":"Feature","geometry":{"type":"Point","coordinates":[-25.0,30.0]},"properties":{"date":"2026-09-23","WS":11.3,"WD":64.0}},{"type":"Feature","geometry":{"type":"Point","coordinates":[-20.0,30.0]},"properties":{"date":"2026-09-23","WS":11.6,"WD":55.0}},{"type":"Feature","geometry":{"type":"Point","coordinates":[-15.0,30.0]},"properties":{"date":"2026-09-23","WS":12.6,"WD":47.0}},{"type":"Feature","geometry":{"type":"Point","coordinates":[-10.0,30.0]},"properties":{"date":"2026-09-23","WS":12.4,"WD":49.0}},{"type":"Feature","geometry":{"type":"Point","coordinates":[-5.0,30.0]},"properties":{"date":"2026-09-23","WS":11.9,"WD":45.0}},{"type":"Feature","geometry":{"type":"Point","coordinates":[0.0,30.0]},"properties":{"date":"2026-09-23","WS":12.2,"WD":35.0}},{"type":"Feature","geometry":{"type":"Point","coordinates":[5.0,30.0]},"properties":{"date":"2026-09-23","WS":9.5,"WD":39.0}},{"type":"Feature","geometry":{"type":"Point","coordinates":[10.0,30.0]},"properties":{"date":"2026-09-23","WS":7.2,"WD":40.0}},{"type":"Feature","geometry":{"type":"Point","coordinates":[15.0,30.0]},"properties":{"date":"2026-09-23","WS":8.5,"WD":45.0}},{"type":"Feature","geometry":{"type":"Point","coordinates":[20.0,30.0]},"properties":{"date":"2026-09-23","WS":6.9,"WD":21.0}},{"type":"Feature","geometry":{"type":"Point","coordinates":[25.0,30.0]},"properties":{"date":"2026-09-23","WS":8.8,"WD":358.0}},{"type":"Feature","geometry":{"type":"Point","coordinates":[30.0,30.0]},"properties":{"date":"2026-09-23","WS":10.3,"WD":351.0}},{"type":"Feature","geometry":{"type":"Point","coordinates":[35.0,30.0]},"properties":{"date":"2026-09-23","WS":8.3,"WD":345.0}},{"type":"Feature","geometry":{"type":"Point","coordinates":[40.0,30.0]},"properties":{"date":"2026-09-23","WS":7.4,"WD":312.0}},{"type":"Feature","geometry":{"type":"Point","coordinates":[45.0,30.0]},"properties":{"date":"2026-09-23","WS":11.1,"WD":299.0}},{"type":"Feature","geometry":{"type":"Point","coordinates":[50.0,30.0]},"properties":{"date":"2026-09-23","WS":5.4,"WD":300.0}},{"type":"Feature","geometry":{"type":"Point","coordinates":[55.0,30.0]},"properties":{"date":"2026-09-23","WS":3.9,"WD":37.0}},{"type":"Feature","geometry":{"type":"Point","coordinates":[60.0,30.0]},"properties":{"date":"2026-09-23","WS":10.7,"WD":55.0}},{"type":"Feature","geometry":{"type":"Point","coordinates":[65.0,30.0]},"properties":{"date":"2026-09-23","WS":5.2,"WD":46.0}},{"type":"Feature","geometry":{"type":"Point","coordinates":[70.0,30.0]},"properties":{"date":"2026-09-23","WS":2.1,"WD":52.0}},{"type":"Feature","geometry":{"type":"Point","coordinates":[75.0,30.0]},"properties":{"date":"2026-09-23","WS":3.8,"WD":113.0}},{"type":"Feature","geometry":{"type":"Point","coordinates":[80.0,30.0]},"properties":{"date":"2026-09-23","WS":3.0,"WD":125.0}},{"type":"Feature","geometry":{"type":"Point","coordinates":[85.0,30.0]},"properties":{"date":"2026-09-23","WS":6.8,"WD":169.0}},{"type":"Feature","geometry":{"type":"Point","coordinates":[90.0,30.0]},"properties":{"date":"2026-09-23","WS":11.4,"WD":193.0}},{"type":"Feature","geometry":{"type":"Point","coordinates":[95.0,30.0]},"properties":{"date":"2026-09-23","WS":8.7,"WD":165.0}},{"type":"Feature","geometry":{"type":"Point","coordinates":[100.0,30.0]},"properties":{"date":"2026-09-23","WS":6.3,"WD":146.0}},{"type":"Feature","geometry":{"type":"Point","coordinates":[105.0,30.0]},"properties":{"date":"2026-09-23","WS":4.6,"WD":143.0}},{"type":"Feature","geometry":{"type":"Point","coordinates":[110.0,30.0]},"properties":{"date":"2026-09-23","WS":4.1,"WD":125.0}},{"type":"Feature","geometry":{"type":"Point","coordinates":[115.0,30.0]},"properties":{"date":"2026-09-23","WS":5.1,"WD":85.0}},{"type":"Feature","geometry":{"type":"Point","coordinates":[120.0,30.0]},"properties":{"date":"2026-09-23","WS":7.8,"WD":71.0}},{"type":"Feature","geometry":{"type":"Point","coordinates":[125.0,30.0]},"properties":{"date":"2026-09-23","WS":4.4,"WD":71.0}},{"type":"Feature","geometry":{"type":"Point","coordinates":[130.0,30.0]},"properties":{"date":"2026-09-23","WS":1.6,"WD":226.0}},{"type":"Feature","geometry":{"type":"Point","coordinates":[135.0,30.0]},"properties":{"date":"2026-09-23","WS":8.1,"WD":237.0}},{"type":"Feature","geometry":{"type":"Point","coordinates":[140.0,30.0]},"properties":{"date":"2026-09-23","WS":2.1,"WD":339.0}},{"type":"Feature","geometry":{"type":"Point","coordinates":[145.0,30.0]},"properties":{"date":"2026-09-23","WS":10.1,"WD":21.0}},{"type":"Feature","geometry":{"type":"Point","coordinates":[150.0,30.0]},"properties":{"date":"2026-09-23","WS":12.9,"WD":16.0}},{"type":"Feature","geometry":{"type":"Point","coordinates":[155.0,30.0]},"properties":{"date":"2026-09-23","WS":10.9,"WD":18.0}},{"type":"Feature","geometry":{"type":"Point","coordinates":[160.0,30.0]},"properties":{"date":"2026-09-23","WS":5.6,"WD":35.0}},{"type":"Feature","geometry":{"type":"Point","coordinates":[165.0,30.0]},"properties":{"date":"2026-09-23","WS":7.0,"WD":98.0}},{"type":"Feature","geometry":{"type":"Point","coordinates":[170.0,30.0]},"properties":{"date":"2026-09-23","WS":2.6,"WD":136.0}},{"type":"Feature","geometry":{"type":"Point","coordinates":[175.0,30.0]},"properties":{"date":"2026-09-23","WS":6.6,"WD":172.0}},{"type":"Feature","geometry":{"type":"Point","coordinates":[-180.0,35.0]},"properties":{"date":"2026-09-23","WS":15.5,"WD":205.0}},{"type":"Feature","geometry":{"type":"Point","coordinates":[-175.0,35.0]},"properties":{"date":"2026-09-23","WS":13.6,"WD":195.0}},{"type":"Feature","geometry":{"type":"Point","coordinates":[-170.0,35.0]},"properties":{"date":"2026-09-23","WS":8.5,"WD":174.0}},{"type":"Feature","geometry":{"type":"Point","coordinates":[-165.0,35.0]},"properties":{"date":"2026-09-23","WS":7.2,"WD":151.0}},{"type":"Feature","geometry":{"type":"Point","coordinates":[-160.0,35.0]},"properties":{"date":"2026-09-23","WS":5.9,"WD":124.0}},{"type":"Feature","geometry":{"type":"Point","coordinates":[-155.0,35.0]},"properties":{"date":"2026-09-23","WS":7.7,"WD":69.0}},{"type":"Feature","geometry":{"type":"Point","coordinates":[-150.0,35.0]},"properties":{"date":"2026-09-23","WS":9.9,"WD":61.0}},{"type":"Feature","geometry":{"type":"Point","coordinates":[-145.0,35.0]},"properties":{"date":"2026-09-23","WS":8.3,"WD":69.0}},{"type":"Feature","geometry":{"type":"Point","coordinates":[-140.0,35.0]},"properties":{"date":"2026-09-23","WS":5.9,"WD":111.0}},{"type":"Feature","geometry":{"type":"Point","coordinates":[-135.0,35.0]},"properties":{"date":"2026-09-23","WS":5.9,"WD":129.0}},{"type":"Feature","geometry":{"type":"Point","coordinates":[-130.0,35.0]},"properties":{"date":"2026-09-23","WS":1.4,"WD":142.0}},{"type":"Feature","geometry":{"type":"Point","coordinates":[-125.0,35.0]},"properties":{"date":"2026-09-23","WS":6.2,"WD":319.0}},{"type":"Feature","geometry":{"type":"Point","coordinates":[-120.0,35.0]},"properties":{"date":"2026-09-23","WS":10.1,"WD":312.0}},{"type":"Feature","geometry":{"type":"Point","coordinates":[-115.0,35.0]},"properties":{"date":"2026-09-23","WS":7.0,"WD":300.0}},{"type":"Feature","geometry":{"type":"Point","coordinates":[-110.0,35.0]},"properties":{"date":"2026-09-23","WS":5.8,"WD":215.0}},{"type":"Feature","geometry":{"type":"Point","coordinates":[-105.0,35.0]},"properties":{"date":"2026-09-23","WS":8.6,"WD":189.0}},{"type":"Feature","geometry":{"type":"Point","coordinates":[-100.0,35.0]},"properties":{"date":"2026-09-23","WS":5.3,"WD":176.0}},{"type":"Feature","geometry":{"type":"Point","coordinates":[-95.0,35.0]},"properties":{"date":"2026-09-23","WS":4.0,"WD":72.0}},{"type":"Feature","geometry":{"type":"Point","coordinates":[-90.0,35.0]},"properties":{"date":"2026-09-23","WS":7.8,"WD":43.0}},{"type":"Feature","geometry":{"type":"Point","coordinates":[-85.0,35.0]},"properties":{"date":"2026-09-23","WS":6.2,"WD":39.0}},{"type":"Feature","geometry":{"type":"Point","coordinates":[-80.0,35.0]},"properties":{"date":"2026-09-23","WS":3.8,"WD":8.0}},{"type":"Feature","geometry":{"type":"Point","coordinates":[-75.0,35.0]},"properties":{"date":"2026-09-23","WS":3.5,"WD":344.0}},{"type":"Feature","geometry":{"type":"Point","coordinates":[-70.0,35.0]},"properties":{"date":"2026-09-23","WS":4.4,"WD":50.0}},{"type":"Feature","geometry":{"type":"Point","coordinates":[-65.0,35.0]},"properties":{"date":"2026-09-23","WS":10.3,"WD":74.0}},{"type":"Feature","geometry":{"type":"Point","coordinates":[-60.0,35.0]},"properties":{"date":"2026-09-23","WS":14.1,"WD":76.0}},{"type":"Feature","geometry":{"type":"Point","coordinates":[-55.0,35.0]},"properties":{"date":"2026-09-23","WS":12.5,"WD":70.0}},{"type":"Feature","geometry":{"type":"Point","coordinates":[-50.0,35.0]},"properties":{"date":"2026-09-23","WS":11.3,"WD":40.0}},{"type":"Feature","geometry":{"type":"Point","coordinates":[-45.0,35.0]},"properties":{"date":"2026-09-23","WS":10.3,"WD":27.0}},{"type":"Feature","geometry":{"type":"Point","coordinates":[-40.0,35.0]},"properties":{"date":"2026-09-23","WS":8.0,"WD":28.0}},{"type":"Feature","geometry":{"type":"Point","coordinates":[-35.0,35.0]},"properties":{"date":"2026-09-23","WS":3.5,"WD":126.0}},{"type":"Feature","geometry":{"type":"Point","coordinates":[-30.0,35.0]},"properties":{"date":"2026-09-23","WS":4.4,"WD":140.0}},{"type":"Feature","geometry":{"type":"Point","coordinates":[-25.0,35.0]},"properties":{"date":"2026-09-23","WS":4.3,"WD":109.0}},{"type":"Feature","geometry":{"type":"Point","coordinates":[-20.0,35.0]},"properties":{"date":"2026-09-23","WS":9.9,"WD":59.0}},{"type":"Feature","geometry":{"type":"Point","coordinates":[-15.0,35.0]},"properties":{"date":"2026-09-23","WS":13.3,"WD":46.0}},{"type":"Feature","geometry":{"type":"Point","coordinates":[-10.0,35.0]},"properties":{"date":"2026-09-23","WS":11.9,"WD":49.0}},{"type":"Feature","geometry":{"type":"Point","coordinates":[-5.0,35.0]},"properties":{"date":"2026-09-23","WS":10.0,"WD":39.0}},{"type":"Feature","geometry":{"type":"Point","coordinates":[0.0,35.0]},"properties":{"date":"2026-09-23","WS":9.3,"WD":40.0}},{"type":"Feature","geometry":{"type":"Point","coordinates":[5.0,35.0]},"properties":{"date":"2026-09-23","WS":8.3,"WD":32.0}},{"type":"Feature","geometry":{"type":"Point","coordinates":[10.0,35.0]},"properties":{"date":"2026-09-23","WS":7.4,"WD":17.0}},{"type":"Feature","geometry":{"type":"Point","coordinates":[15.0,35.0]},"properties":{"date":"2026-09-23","WS":8.1,"WD":10.0}},{"type":"Feature","geometry":{"type":"Point","coordinates":[20.0,35.0]},"properties":{"date":"2026-09-23","WS":7.3,"WD":358.0}},{"type":"Feature","geometry":{"type":"Point","coordinates":[25.0,35.0]},"properties":{"date":"2026-09-23","WS":8.9,"WD":349.0}},{"type":"Feature","geometry":{"type":"Point","coordinates":[30.0,35.0]},"properties":{"date":"2026-09-23","WS":8.8,"WD":343.0}},{"type":"Feature","geometry":{"type":"Point","coordinates":[35.0,35.0]},"properties":{"date":"2026-09-23","WS":8.1,"WD":324.0}},{"type":"Feature","geometry":{"type":"Point","coordinates":[40.0,35.0]},"properties":{"date":"2026-09-23","WS":6.5,"WD":288.0}},{"type":"Feature","geometry":{"type":"Point","coordinates":[45.0,35.0]},"properties":{"date":"2026-09-23","WS":7.6,"WD":276.0}},{"type":"Feature","geometry":{"type":"Point","coordinates":[50.0,35.0]},"properties":{"date":"2026-09-23","WS":4.1,"WD":295.0}},{"type":"Feature","geometry":{"type":"Point","coordinates":[55.0,35.0]},"properties":{"date":"2026-09-23","WS":4.0,"WD":11.0}},{"type":"Feature","geometry":{"type":"Point","coordinates":[60.0,35.0]},"properties":{"date":"2026-09-23","WS":6.7,"WD":37.0}},{"type":"Feature","geometry":{"type":"Point","coordinates":[65.0,35.0]},"properties":{"date":"2026-09-23","WS":5.5,"WD":40.0}},{"type":"Feature","geometry":{"type":"Point","coordinates":[70.0,35.0]},"properties":{"date":"2026-09-23","WS":4.1,"WD":27.0}},{"type":"Feature","geometry":{"type":"Point","coordinates":[75.0,35.0]},"properties":{"date":"2026-09-23","WS":2.7,"WD":17.0}},{"type":"Feature","geometry":{"type":"Point","coordinates":[80.0,35.0]},"properties":{"date":"2026-09-23","WS":1.8,"WD":44.0}},{"type":"Feature","geometry":{"type":"Point","coordinates":[85.0,35.0]},"properties":{"date":"2026-09-23","WS":4.7,"WD":124.0}},{"type":"Feature","geometry":{"type":"Point","coordinates":[90.0,35.0]},"properties":{"date":"2026-09-23","WS":5.4,"WD":130.0}},{"type":"Feature","geometry":{"type":"Point","coordinates":[95.0,35.0]},"properties":{"date":"2026-09-23","WS":6.6,"WD":139.0}},{"type":"Feature","geometry":{"type":"Point","coordinates":[100.0,35.0]},"properties":{"date":"2026-09-23","WS":5.9,"WD":150.0}},{"type":"Feature","geometry":{"type":"Point","coordinates":[105.0,35.0]},"properties":{"date":"2026-09-23","WS":6.5,"WD":162.0}},{"type":"Feature","geometry":{"type":"Point","coordinates":[110.0,35.0]},"properties":{"date":"2026-09-23","WS":5.2,"WD":163.0}},{"type":"Feature","geometry":{"type":"Point","coordinates":[115.0,35.0]},"properties":{"date":"2026-09-23","WS":2.7,"WD":182.0}},{"type":"Feature","geometry":{"type":"Point","coordinates":[120.0,35.0]},"properties":{"date":"2026-09-23","WS":2.4,"WD":221.0}},{"type":"Feature","geometry":{"type":"Point","coordinates":[125.0,35.0]},"properties":{"date":"2026-09-23","WS":3.2,"WD":228.0}},{"type":"Feature","geometry":{"type":"Point","coordinates":[130.0,35.0]},"properties":{"date":"2026-09-23","WS":5.6,"WD":236.0}},{"type":"Feature","geometry":{"type":"Point","coordinates":[135.0,35.0]},"properties":{"date":"2026-09-23","WS":6.3,"WD":239.0}},{"type":"Feature","geometry":{"type":"Point","coordinates":[140.0,35.0]},"properties":{"date":"2026-09-23","WS":3.2,"WD":292.0}},{"type":"Feature","geometry":{"type":"Point","coordinates":[145.0,35.0]},"properties":{"date":"2026-09-23","WS":8.8,"WD":5.0}},{"type":"Feature","geometry":{"type":"Point","coordinates":[150.0,35.0]},"properties":{"date":"2026-09-23","WS":13.1,"WD":15.0}},{"type":"Feature","geometry":{"type":"Point","coordinates":[155.0,35.0]},"properties":{"date":"2026-09-23","WS":11.7,"WD":357.0}},{"type":"Feature","geometry":{"type":"Point","coordinates":[160.0,35.0]},"properties":{"date":"2026-09-23","WS":11.5,"WD":316.0}},{"type":"Feature","geometry":{"type":"Point","coordinates":[165.0,35.0]},"properties":{"date":"2026-09-23","WS":12.8,"WD":296.0}},{"type":"Feature","geometry":{"type":"Point","coordinates":[170.0,35.0]},"properties":{"date":"2026-09-23","WS":10.9,"WD":274.0}},{"type":"Feature","geometry":{"type":"Point","coordinates":[175.0,35.0]},"properties":{"date":"2026-09-23","WS":12.6,"WD":218.0}},{"type":"Feature","geometry":{"type":"Point","coordinates":[-180.0,40.0]},"properties":{"date":"2026-09-23","WS":27.1,"WD":216.0}},{"type":"Feature","geometry":{"type":"Point","coordinates":[-175.0,40.0]},"properties":{"date":"2026-09-23","WS":20.4,"WD":207.0}},{"type":"Feature","geometry":{"type":"Point","coordinates":[-170.0,40.0]},"properties":{"date":"2026-09-23","WS":15.1,"WD":172.0}},{"type":"Feature","geometry":{"type":"Point","coordinates":[-165.0,40.0]},"properties":{"date":"2026-09-23","WS":20.2,"WD":141.0}},{"type":"Feature","geometry":{"type":"Point","coordinates":[-160.0,40.0]},"properties":{"date":"2026-09-23","WS":9.8,"WD":142.0}},{"type":"Feature","geometry":{"type":"Point","coordinates":[-155.0,40.0]},"properties":{"date":"2026-09-23","WS":7.3,"WD":51.0}},{"type":"Feature","geometry":{"type":"Point","coordinates":[-150.0,40.0]},"properties":{"date":"2026-09-23","WS":17.8,"WD":42.0}},{"type":"Feature","geometry":{"type":"Point","coordinates":[-145.0,40.0]},"properties":{"date":"2026-09-23","WS":6.6,"WD":41.0}},{"type":"Feature","geometry":{"type":"Point","coordinates":[-140.0,40.0]},"properties":{"date":"2026-09-23","WS":9.1,"WD":183.0}},{"type":"Feature","geometry":{"type":"Point","coordinates":[-135.0,40.0]},"properties":{"date":"2026-09-23","WS":21.3,"WD":182.0}},{"type":"Feature","geometry":{"type":"Point","coordinates":[-130.0,40.0]},"properties":{"date":"2026-09-23","WS":10.7,"WD":200.0}},{"type":"Feature","geometry":{"type":"Point","coordinates":[-125.0,40.0]},"properties":{"date":"2026-09-23","WS":8.5,"WD":276.0}},{"type":"Feature","geometry":{"type":"Point","coordinates":[-120.0,40.0]},"properties":{"date":"2026-09-23","WS":13.4,"WD":294.0}},{"type":"Feature","geometry":{"type":"Point","coordinates":[-115.0,40.0]},"properties":{"date":"2026-09-23","WS":8.6,"WD":276.0}},{"type":"Feature","geometry":{"type":"Point","coordinates":[-110.0,40.0]},"properties":{"date":"2026-09-23","WS":9.1,"WD":228.0}},{"type":"Feature","geometry":{"type":"Point","coordinates":[-105.0,40.0]},"properties":{"date":"2026-09-23","WS":13.5,"WD":226.0}},{"type":"Feature","geometry":{"type":"Point","coordinates":[-100.0,40.0]},"properties":{"date":"2026-09-23","WS":7.0,"WD":204.0}},{"type":"Feature","geometry":{"type":"Point","coordinates":[-95.0,40.0]},"properties":{"date":"2026-09-23","WS":3.8,"WD":64.0}},{"type":"Feature","geometry":{"type":"Point","coordinates":[-90.0,40.0]},"properties":{"date":"2026-09-23","WS":11.1,"WD":34.0}},{"type":"Feature","geometry":{"type":"Point","coordinates":[-85.0,40.0]},"properties":{"date":"2026-09-23","WS":6.7,"WD":39.0}},{"type":"Feature","geometry":{"type":"Point","coordinates":[-80.0,40.0]},"properties":{"date":"2026-09-23","WS":6.8,"WD":36.0}},{"type":"Feature","geometry":{"type":"Point","coordinates":[-75.0,40.0]},"properties":{"date":"2026-09-23","WS":12.9,"WD":37.0}},{"type":"Feature","geometry":{"type":"Point","coordinates":[-70.0,40.0]},"properties":{"date":"2026-09-23","WS":7.9,"WD":41.0}},{"type":"Feature","geometry":{"type":"Point","coordinates":[-65.0,40.0]},"properties":{"date":"2026-09-23","WS":13.8,"WD":59.0}},{"type":"Feature","geometry":{"type":"Point","coordinates":[-60.0,40.0]},"properties":{"date":"2026-09-23","WS":27.6,"WD":63.0}},{"type":"Feature","geometry":{"type":"Point","coordinates":[-55.0,40.0]},"properties":{"date":"2026-09-23","WS":15.7,"WD":46.0}},{"type":"Feature","geometry":{"type":"Point","coordinates":[-50.0,40.0]},"properties":{"date":"2026-09-23","WS":14.8,"WD":4.0}},{"type":"Feature","geometry":{"type":"Point","coordinates":[-45.0,40.0]},"properties":{"date":"2026-09-23","WS":19.2,"WD":355.0}},{"type":"Feature","geometry":{"type":"Point","coordinates":[-40.0,40.0]},"properties":{"date":"2026-09-23","WS":9.7,"WD":341.0}},{"type":"Feature","geometry":{"type":"Point","coordinates":[-35.0,40.0]},"properties":{"date":"2026-09-23","WS":7.8,"WD":216.0}},{"type":"Feature","geometry":{"type":"Point","coordinates":[-30.0,40.0]},"properties":{"date":"2026-09-23","WS":14.1,"WD":201.0}},{"type":"Feature","geometry":{"type":"Point","coordinates":[-25.0,40.0]},"properties":{"date":"2026-09-23","WS":9.8,"WD":188.0}},{"type":"Feature","geometry":{"type":"Point","coordinates":[-20.0,40.0]},"properties":{"date":"2026-09-23","WS":6.3,"WD":69.0}},{"type":"Feature","geometry":{"type":"Point","coordinates":[-15.0,40.0]},"properties":{"date":"2026-09-23","WS":18.0,"WD":35.0}},{"type":"Feature","geometry":{"type":"Point","coordinates":[-10.0,40.0]},"properties":{"date":"2026-09-23","WS":10.8,"WD":46.0}},{"type":"Feature","geometry":{"type":"Point","coordinates":[-5.0,40.0]},"properties":{"date":"2026-09-23","WS":6.5,"WD":48.0}},{"type":"Feature","geometry":{"type":"Point","coordinates":[0.0,40.0]},"properties":{"date":"2026-09-23","WS":7.0,"WD":50.0}},{"type":"Feature","geometry":{"type":"Point","coordinates":[5.0,40.0]},"properties":{"date":"2026-09-23","WS":5.7,"WD":19.0}},{"type":"Feature","geometry":{"type":"Point","coordinates":[10.0,40.0]},"properties":{"date":"2026-09-23","WS":8.4,"WD":354.0}},{"type":"Feature","geometry":{"type":"Point","coordinates":[15.0,40.0]},"properties":{"date":"2026-09-23","WS":12.4,"WD":350.0}},{"type":"Feature","geometry":{"type":"Point","coordinates":[20.0,40.0]},"properties":{"date":"2026-09-23","WS":9.3,"WD":345.0}},{"type":"Feature","geometry":{"type":"Point","coordinates":[25.0,40.0]},"properties":{"date":"2026-09-23","WS":7.9,"WD":330.0}},{"type":"Feature","geometry":{"type":"Point","coordinates":[30.0,40.0]},"properties":{"date":"2026-09-23","WS":7.7,"WD":321.0}},{"type":"Feature","geometry":{"type":"Point","coordinates":[35.0,40.0]},"properties":{"date":"2026-09-23","WS":6.7,"WD":312.0}},{"type":"Feature","geometry":{"type":"Point","coordinates":[40.0,40.0]},"properties":{"date":"2026-09-23","WS":7.2,"WD":268.0}},{"type":"Feature","geometry":{"type":"Point","coordinates":[45.0,40.0]},"properties":{"date":"2026-09-23","WS":12.8,"WD":248.0}},{"type":"Feature","geometry":{"type":"Point","coordinates":[50.0,40.0]},"properties":{"date":"2026-09-23","WS":4.6,"WD":265.0}},{"type":"Feature","geometry":{"type":"Point","coordinates":[55.0,40.0]},"properties":{"date":"2026-09-23","WS":5.1,"WD":23.0}},{"type":"Feature","geometry":{"type":"Point","coordinates":[60.0,40.0]},"properties":{"date":"2026-09-23","WS":8.5,"WD":28.0}},{"type":"Feature","geometry":{"type":"Point","coordinates":[65.0,40.0]},"properties":{"date":"2026-09-23","WS":7.0,"WD":32.0}},{"type":"Feature","geometry":{"type":"Point","coordinates":[70.0,40.0]},"properties":{"date":"2026-09-23","WS":4.6,"WD":12.0}},{"type":"Feature","geometry":{"type":"Point","coordinates":[75.0,40.0]},"properties":{"date":"2026-09-23","WS":5.2,"WD":327.0}},{"type":"Feature","geometry":{"type":"Point","coordinates":[80.0,40.0]},"properties":{"date":"2026-09-23","WS":3.0,"WD":21.0}},{"type":"Feature","geometry":{"type":"Point","coordinates":[85.0,40.0]},"properties":{"date":"2026-09-23","WS":6.7,"WD":66.0}},{"type":"Feature","geometry":{"type":"Point","coordinates":[90.0,40.0]},"properties":{"date":"2026-09-23","WS":11.9,"WD":61.0}},{"type":"Feature","geometry":{"type":"Point","coordinates":[95.0,40.0]},"properties":{"date":"2026-09-23","WS":6.6,"WD":89.0}},{"type":"Feature","geometry":{"type":"Point","coordinates":[100.0,40.0]},"properties":{"date":"2026-09-23","WS":7.1,"WD":154.0}},{"type":"Feature","geometry":{"type":"Point","coordinates":[105.0,40.0]},"properties":{"date":"2026-09-23","WS":11.5,"WD":173.0}},{"type":"Feature","geometry":{"type":"Point","coordinates":[110.0,40.0]},"properties":{"date":"2026-09-23","WS":7.0,"WD":179.0}},{"type":"Feature","geometry":{"type":"Point","coordinates":[115.0,40.0]},"properties":{"date":"2026-09-23","WS":7.1,"WD":225.0}},{"type":"Feature","geometry":{"type":"Point","coordinates":[120.0,40.0]},"properties":{"date":"2026-09-23","WS":12.7,"WD":237.0}},{"type":"Feature","geometry":{"type":"Point","coordinates":[125.0,40.0]},"properties":{"date":"2026-09-23","WS":8.7,"WD":241.0}},{"type":"Feature","geometry":{"type":"Point","coordinates":[130.0,40.0]},"properties":{"date":"2026-09-23","WS":9.1,"WD":239.0}},{"type":"Feature","geometry":{"type":"Point","coordinates":[135.0,40.0]},"properties":{"date":"2026-09-23","WS":11.7,"WD":231.0}},{"type":"Feature","geometry":{"type":"Point","coordinates":[140.0,40.0]},"properties":{"date":"2026-09-23","WS":6.6,"WD":263.0}},{"type":"Feature","geometry":{"type":"Point","coordinates":[145.0,40.0]},"properties":{"date":"2026-09-23","WS":9.9,"WD":359.0}},{"type":"Feature","geometry":{"type":"Point","coordinates":[150.0,40.0]},"properties":{"date":"2026-09-23","WS":19.4,"WD":21.0}},{"type":"Feature","geometry":{"type":"Point","coordinates":[155.0,40.0]},"properties":{"date":"2026-09-23","WS":13.7,"WD":343.0}},{"type":"Feature","geometry":{"type":"Point","coordinates":[160.0,40.0]},"properties":{"date":"2026-09-23","WS":23.0,"WD":299.0}},{"type":"Feature","geometry":{"type":"Point","coordinates":[165.0,40.0]},"properties":{"date":"2026-09-23","WS":36.3,"WD":291.0}},{"type":"Feature","geometry":{"type":"Point","coordinates":[170.0,40.0]},"properties":{"date":"2026-09-23","WS":23.5,"WD":277.0}},{"type":"Feature","geometry":{"type":"Point","coordinates":[175.0,40.0]},"properties":{"date":"2026-09-23","WS":20.5,"WD":232.0}},{"type":"Feature","geometry":{"type":"Point","coordinates":[-180.0,45.0]},"properties":{"date":"2026-09-23","WS":25.0,"WD":215.0}},{"type":"Feature","geometry":{"type":"Point","coordinates":[-175.0,45.0]},"properties":{"date":"2026-09-23","WS":22.2,"WD":203.0}},{"type":"Feature","geometry":{"type":"Point","coordinates":[-170.0,45.0]},"properties":{"date":"2026-09-23","WS":17.2,"WD":192.0}},{"type":"Feature","geometry":{"type":"Point","coordinates":[-165.0,45.0]},"properties":{"date":"2026-09-23","WS":16.2,"WD":179.0}},{"type":"Feature","geometry":{"type":"Point","coordinates":[-160.0,45.0]},"properties":{"date":"2026-09-23","WS":8.3,"WD":181.0}},{"type":"Feature","geometry":{"type":"Point","coordinates":[-155.0,45.0]},"properties":{"date":"2026-09-23","WS":3.8,"WD":327.0}},{"type":"Feature","geometry":{"type":"Point","coordinates":[-150.0,45.0]},"properties":{"date":"2026-09-23","WS":9.7,"WD":331.0}},{"type":"Feature","geometry":{"type":"Point","coordinates":[-145.0,45.0]},"properties":{"date":"2026-09-23","WS":6.4,"WD":304.0}},{"type":"Feature","geometry":{"type":"Point","coordinates":[-140.0,45.0]},"properties":{"date":"2026-09-23","WS":9.7,"WD":227.0}},{"type":"Feature","geometry":{"type":"Point","coordinates":[-135.0,45.0]},"properties":{"date":"2026-09-23","WS":14.6,"WD":215.0}},{"type":"Feature","geometry":{"type":"Point","coordinates":[-130.0,45.0]},"properties":{"date":"2026-09-23","WS":12.7,"WD":222.0}},{"type":"Feature","geometry":{"type":"Point","coordinates":[-125.0,45.0]},"properties":{"date":"2026-09-23","WS":9.9,"WD":249.0}},{"type":"Feature","geometry":{"type":"Point","coordinates":[-120.0,45.0]},"properties":{"date":"2026-09-23","WS":9.8,"WD":267.0}},{"type":"Feature","geometry":{"type":"Point","coordinates":[-115.0,45.0]},"properties":{"date":"2026-09-23","WS":7.7,"WD":254.0}},{"type":"Feature","geometry":{"type":"Point","coordinates":[-110.0,45.0]},"properties":{"date":"2026-09-23","WS":7.9,"WD":214.0}},{"type":"Feature","geometry":{"type":"Point","coordinates":[-105.0,45.0]},"properties":{"date":"2026-09-23","WS":8.8,"WD":197.0}},{"type":"Feature","geometry":{"type":"Point","coordinates":[-100.0,45.0]},"properties":{"date":"2026-09-23","WS":6.7,"WD":187.0}},{"type":"Feature","geometry":{"type":"Point","coordinates":[-95.0,45.0]},"properties":{"date":"2026-09-23","WS":3.2,"WD":161.0}},{"type":"Feature","geometry":{"type":"Point","coordinates":[-90.0,45.0]},"properties":{"date":"2026-09-23","WS":3.3,"WD":97.0}},{"type":"Feature","geometry":{"type":"Point","coordinates":[-85.0,45.0]},"properties":{"date":"2026-09-23","WS":2.5,"WD":85.0}},{"type":"Feature","geometry":{"type":"Point","coordinates":[-80.0,45.0]},"properties":{"date":"2026-09-23","WS":1.5,"WD":51.0}},{"type":"Feature","geometry":{"type":"Point","coordinates":[-75.0,45.0]},"properties":{"date":"2026-09-23","WS":2.2,"WD":41.0}},{"type":"Feature","geometry":{"type":"Point","coordinates":[-70.0,45.0]},"properties":{"date":"2026-09-23","WS":2.9,"WD":12.0}},{"type":"Feature","geometry":{"type":"Point","coordinates":[-65.0,45.0]},"properties":{"date":"2026-09-23","WS":4.9,"WD":11.0}},{"type":"Feature","geometry":{"type":"Point","coordinates":[-60.0,45.0]},"properties":{"date":"2026-09-23","WS":7.0,"WD":360.0}},{"type":"Feature","geometry":{"type":"Point","coordinates":[-55.0,45.0]},"properties":{"date":"2026-09-23","WS":10.8,"WD":348.0}},{"type":"Feature","geometry":{"type":"Point","coordinates":[-50.0,45.0]},"properties":{"date":"2026-09-23","WS":19.3,"WD":342.0}},{"type":"Feature","geometry":{"type":"Point","coordinates":[-45.0,45.0]},"properties":{"date":"2026-09-23","WS":22.8,"WD":340.0}},{"type":"Feature","geometry":{"type":"Point","coordinates":[-40.0,45.0]},"properties":{"date":"2026-09-23","WS":13.9,"WD":313.0}},{"type":"Feature","geometry":{"type":"Point","coordinates":[-35.0,45.0]},"properties":{"date":"2026-09-23","WS":17.1,"WD":224.0}},{"type":"Feature","geometry":{"type":"Point","coordinates":[-30.0,45.0]},"properties":{"date":"2026-09-23","WS":25.4,"WD":210.0}},{"type":"Feature","geometry":{"type":"Point","coordinates":[-25.0,45.0]},"properties":{"date":"2026-09-23","WS":20.8,"WD":199.0}},{"type":"Feature","geometry":{"type":"Point","coordinates":[-20.0,45.0]},"properties":{"date":"2026-09-23","WS":10.1,"WD":169.0}},{"type":"Feature","geometry":{"type":"Point","coordinates":[-15.0,45.0]},"properties":{"date":"2026-09-23","WS":8.1,"WD":114.0}},{"type":"Feature","geometry":{"type":"Point","coordinates":[-10.0,45.0]},"properties":{"date":"2026-09-23","WS":5.3,"WD":118.0}},{"type":"Feature","geometry":{"type":"Point","coordinates":[-5.0,45.0]},"properties":{"date":"2026-09-23","WS":1.3,"WD":340.0}},{"type":"Feature","geometry":{"type":"Point","coordinates":[0.0,45.0]},"properties":{"date":"2026-09-23","WS":3.7,"WD":291.0}},{"type":"Feature","geometry":{"type":"Point","coordinates":[5.0,45.0]},"properties":{"date":"2026-09-23","WS":5.5,"WD":314.0}},{"type":"Feature","geometry":{"type":"Point","coordinates":[10.0,45.0]},"properties":{"date":"2026-09-23","WS":5.8,"WD":325.0}},{"type":"Feature","geometry":{"type":"Point","coordinates":[15.0,45.0]},"properties":{"date":"2026-09-23","WS":6.9,"WD":331.0}},{"type":"Feature","geometry":{"type":"Point","coordinates":[20.0,45.0]},"properties":{"date":"2026-09-23","WS":7.0,"WD":325.0}},{"type":"Feature","geometry":{"type":"Point","coordinates":[25.0,45.0]},"properties":{"date":"2026-09-23","WS":7.5,"WD":323.0}},{"type":"Feature","geometry":{"type":"Point","coordinates":[30.0,45.0]},"properties":{"date":"2026-09-23","WS":7.0,"WD":316.0}},{"type":"Feature","geometry":{"type":"Point","coordinates":[35.0,45.0]},"properties":{"date":"2026-09-23","WS":4.9,"WD":318.0}},{"type":"Feature","geometry":{"type":"Point","coordinates":[40.0,45.0]},"properties":{"date":"2026-09-23","WS":1.8,"WD":266.0}},{"type":"Feature","geometry":{"type":"Point","coordinates":[45.0,45.0]},"properties":{"date":"2026-09-23","WS":1.8,"WD":196.0}},{"type":"Feature","geometry":{"type":"Point","coordinates":[50.0,45.0]},"properties":{"date":"2026-09-23","WS":0.8,"WD":95.0}},{"type":"Feature","geometry":{"type":"Point","coordinates":[55.0,45.0]},"properties":{"date":"2026-09-23","WS":4.6,"WD":38.0}},{"type":"Feature","geometry":{"type":"Point","coordinates":[60.0,45.0]},"properties":{"date":"2026-09-23","WS":6.3,"WD":30.0}},{"type":"Feature","geometry":{"type":"Point","coordinates":[65.0,45.0]},"properties":{"date":"2026-09-23","WS":6.5,"WD":29.0}},{"type":"Feature","geometry":{"type":"Point","coordinates":[70.0,45.0]},"properties":{"date":"2026-09-23","WS":5.2,"WD":20.0}},{"type":"Feature","geometry":{"type":"Point","coordinates":[75.0,45.0]},"properties":{"date":"2026-09-23","WS":5.2,"WD":21.0}},{"type":"Feature","geometry":{"type":"Point","coordinates":[80.0,45.0]},"properties":{"date":"2026-09-23","WS":4.9,"WD":36.0}},{"type":"Feature","geometry":{"type":"Point","coordinates":[85.0,45.0]},"properties":{"date":"2026-09-23","WS":5.5,"WD":70.0}},{"type":"Feature","geometry":{"type":"Point","coordinates":[90.0,45.0]},"properties":{"date":"2026-09-23","WS":6.6,"WD":81.0}},{"type":"Feature","geometry":{"type":"Point","coordinates":[95.0,45.0]},"properties":{"date":"2026-09-23","WS":5.7,"WD":99.0}},{"type":"Feature","geometry":{"type":"Point","coordinates":[100.0,45.0]},"properties":{"date":"2026-09-23","WS":5.1,"WD":131.0}},{"type":"Feature","geometry":{"type":"Point","coordinates":[105.0,45.0]},"properties":{"date":"2026-09-23","WS":5.6,"WD":154.0}},{"type":"Feature","geometry":{"type":"Point","coordinates":[110.0,45.0]},"properties":{"date":"2026-09-23","WS":4.6,"WD":184.0}},{"type":"Feature","geometry":{"type":"Point","coordinates":[115.0,45.0]},"properties":{"date":"2026-09-23","WS":5.4,"WD":235.0}},{"type":"Feature","geometry":{"type":"Point","coordinates":[120.0,45.0]},"properties":{"date":"2026-09-23","WS":7.4,"WD":253.0}},{"type":"Feature","geometry":{"type":"Point","coordinates":[125.0,45.0]},"properties":{"date":"2026-09-23","WS":7.8,"WD":253.0}},{"type":"Feature","geometry":{"type":"Point","coordinates":[130.0,45.0]},"properties":{"date":"2026-09-23","WS":9.0,"WD":255.0}},{"type":"Feature","geometry":{"type":"Point","coordinates":[135.0,45.0]},"properties":{"date":"2026-09-23","WS":8.4,"WD":261.0}},{"type":"Feature","geometry":{"type":"Point","coordinates":[140.0,45.0]},"properties":{"date":"2026-09-23","WS":8.1,"WD":275.0}},{"type":"Feature","geometry":{"type":"Point","coordinates":[145.0,45.0]},"properties":{"date":"2026-09-23","WS":8.6,"WD":320.0}},{"type":"Feature","geometry":{"type":"Point","coordinates":[150.0,45.0]},"properties":{"date":"2026-09-23","WS":10.7,"WD":325.0}},{"type":"Feature","geometry":{"type":"Point","coordinates":[155.0,45.0]},"properties":{"date":"2026-09-23","WS":15.1,"WD":312.0}},{"type":"Feature","geometry":{"type":"Point","coordinates":[160.0,45.0]},"properties":{"date":"2026-09-23","WS":22.0,"WD":296.0}},{"type":"Feature","geometry":{"type":"Point","coordinates":[165.0,45.0]},"properties":{"date":"2026-09-23","WS":27.5,"WD":286.0}},{"type":"Feature","geometry":{"type":"Point","coordinates":[170.0,45.0]},"properties":{"date":"2026-09-23","WS":22.8,"WD":273.0}},{"type":"Feature","geometry":{"type":"Point","coordinates":[175.0,45.0]},"properties":{"date":"2026-09-23","WS":21.8,"WD":232.0}},{"type":"Feature","geometry":{"type":"Point","coordinates":[-180.0,50.0]},"properties":{"date":"2026-09-23","WS":31.5,"WD":219.0}},{"type":"Feature","geometry":{"type":"Point","coordinates":[-175.0,50.0]},"properties":{"date":"2026-09-23","WS":23.4,"WD":205.0}},{"type":"Feature","geometry":{"type":"Point","coordinates":[-170.0,50.0]},"properties":{"date":"2026-09-23","WS":18.8,"WD":196.0}},{"type":"Feature","geometry":{"type":"Point","coordinates":[-165.0,50.0]},"properties":{"date":"2026-09-23","WS":19.5,"WD":202.0}},{"type":"Feature","geometry":{"type":"Point","coordinates":[-160.0,50.0]},"properties":{"date":"2026-09-23","WS":11.1,"WD":210.0}},{"type":"Feature","geometry":{"type":"Point","coordinates":[-155.0,50.0]},"properties":{"date":"2026-09-23","WS":11.3,"WD":286.0}},{"type":"Feature","geometry":{"type":"Point","coordinates":[-150.0,50.0]},"properties":{"date":"2026-09-23","WS":22.7,"WD":295.0}},{"type":"Feature","geometry":{"type":"Point","coordinates":[-145.0,50.0]},"properties":{"date":"2026-09-23","WS":13.9,"WD":288.0}},{"type":"Feature","geometry":{"type":"Point","coordinates":[-140.0,50.0]},"properties":{"date":"2026-09-23","WS":14.4,"WD":248.0}},{"type":"Feature","geometry":{"type":"Point","coordinates":[-135.0,50.0]},"properties":{"date":"2026-09-23","WS":22.7,"WD":243.0}},{"type":"Feature","geometry":{"type":"Point","coordinates":[-130.0,50.0]},"properties":{"date":"2026-09-23","WS":15.6,"WD":235.0}},{"type":"Feature","geometry":{"type":"Point","coordinates":[-125.0,50.0]},"properties":{"date":"2026-09-23","WS":10.3,"WD":234.0}},{"type":"Feature","geometry":{"type":"Point","coordinates":[-120.0,50.0]},"properties":{"date":"2026-09-23","WS":9.6,"WD":236.0}},{"type":"Feature","geometry":{"type":"Point","coordinates":[-115.0,50.0]},"properties":{"date":"2026-09-23","WS":7.5,"WD":232.0}},{"type":"Feature","geometry":{"type":"Point","coordinates":[-110.0,50.0]},"properties":{"date":"2026-09-23","WS":6.9,"WD":192.0}},{"type":"Feature","geometry":{"type":"Point","coordinates":[-105.0,50.0]},"properties":{"date":"2026-09-23","WS":11.5,"WD":162.0}},{"type":"Feature","geometry":{"type":"Point","coordinates":[-100.0,50.0]},"properties":{"date":"2026-09-23","WS":7.3,"WD":180.0}},{"type":"Feature","geometry":{"type":"Point","coordinates":[-95.0,50.0]},"properties":{"date":"2026-09-23","WS":6.7,"WD":185.0}},{"type":"Feature","geometry":{"type":"Point","coordinates":[-90.0,50.0]},"properties":{"date":"2026-09-23","WS":9.6,"WD":169.0}},{"type":"Feature","geometry":{"type":"Point","coordinates":[-85.0,50.0]},"properties":{"date":"2026-09-23","WS":5.7,"WD":188.0}},{"type":"Feature","geometry":{"type":"Point","coordinates":[-80.0,50.0]},"properties":{"date":"2026-09-23","WS":4.4,"WD":211.0}},{"type":"Feature","geometry":{"type":"Point","coordinates":[-75.0,50.0]},"properties":{"date":"2026-09-23","WS":5.6,"WD":206.0}},{"type":"Feature","geometry":{"type":"Point","coordinates":[-70.0,50.0]},"properties":{"date":"2026-09-23","WS":4.7,"WD":252.0}},{"type":"Feature","geometry":{"type":"Point","coordinates":[-65.0,50.0]},"properties":{"date":"2026-09-23","WS":11.7,"WD":280.0}},{"type":"Feature","geometry":{"type":"Point","coordinates":[-60.0,50.0]},"properties":{"date":"2026-09-23","WS":21.1,"WD":278.0}},{"type":"Feature","geometry":{"type":"Point","coordinates":[-55.0,50.0]},"properties":{"date":"2026-09-23","WS":16.5,"WD":301.0}},{"type":"Feature","geometry":{"type":"Point","coordinates":[-50.0,50.0]},"properties":{"date":"2026-09-23","WS":24.9,"WD":326.0}},{"type":"Feature","geometry":{"type":"Point","coordinates":[-45.0,50.0]},"properties":{"date":"2026-09-23","WS":37.2,"WD":329.0}},{"type":"Feature","geometry":{"type":"Point","coordinates":[-40.0,50.0]},"properties":{"date":"2026-09-23","WS":19.4,"WD":306.0}},{"type":"Feature","geometry":{"type":"Point","coordinates":[-35.0,50.0]},"properties":{"date":"2026-09-23","WS":27.5,"WD":221.0}},{"type":"Feature","geometry":{"type":"Point","coordinates":[-30.0,50.0]},"properties":{"date":"2026-09-23","WS":49.3,"WD":210.0}},{"type":"Feature","geometry":{"type":"Point","coordinates":[-25.0,50.0]},"properties":{"date":"2026-09-23","WS":33.0,"WD":205.0}},{"type":"Feature","geometry":{"type":"Point","coordinates":[-20.0,50.0]},"properties":{"date":"2026-09-23","WS":20.3,"WD":181.0}},{"type":"Feature","geometry":{"type":"Point","coordinates":[-15.0,50.0]},"properties":{"date":"2026-09-23","WS":23.9,"WD":157.0}},{"type":"Feature","geometry":{"type":"Point","coordinates":[-10.0,50.0]},"properties":{"date":"2026-09-23","WS":11.5,"WD":171.0}},{"type":"Feature","geometry":{"type":"Point","coordinates":[-5.0,50.0]},"properties":{"date":"2026-09-23","WS":7.5,"WD":251.0}},{"type":"Feature","geometry":{"type":"Point","coordinates":[0.0,50.0]},"properties":{"date":"2026-09-23","WS":13.0,"WD":265.0}},{"type":"Feature","geometry":{"type":"Point","coordinates":[5.0,50.0]},"properties":{"date":"2026-09-23","WS":9.0,"WD":279.0}},{"type":"Feature","geometry":{"type":"Point","coordinates":[10.0,50.0]},"properties":{"date":"2026-09-23","WS":6.4,"WD":289.0}},{"type":"Feature","geometry":{"type":"Point","coordinates":[15.0,50.0]},"properties":{"date":"2026-09-23","WS":6.7,"WD":278.0}},{"type":"Feature","geometry":{"type":"Point","coordinates":[20.0,50.0]},"properties":{"date":"2026-09-23","WS":5.1,"WD":303.0}},{"type":"Feature","geometry":{"type":"Point","coordinates":[25.0,50.0]},"properties":{"date":"2026-09-23","WS":6.4,"WD":315.0}},{"type":"Feature","geometry":{"type":"Point","coordinates":[30.0,50.0]},"properties":{"date":"2026-09-23","WS":9.8,"WD":303.0}},{"type":"Feature","geometry":{"type":"Point","coordinates":[35.0,50.0]},"properties":{"date":"2026-09-23","WS":4.0,"WD":323.0}},{"type":"Feature","geometry":{"type":"Point","coordinates":[40.0,50.0]},"properties":{"date":"2026-09-23","WS":5.2,"WD":88.0}},{"type":"Feature","geometry":{"type":"Point","coordinates":[45.0,50.0]},"properties":{"date":"2026-09-23","WS":12.7,"WD":94.0}},{"type":"Feature","geometry":{"type":"Point","coordinates":[50.0,50.0]},"properties":{"date":"2026-09-23","WS":6.3,"WD":88.0}},{"type":"Feature","geometry":{"type":"Point","coordinates":[55.0,50.0]},"properties":{"date":"2026-09-23","WS":4.3,"WD":46.0}},{"type":"Feature","geometry":{"type":"Point","coordinates":[60.0,50.0]},"properties":{"date":"2026-09-23","WS":5.6,"WD":41.0}},{"type":"Feature","geometry":{"type":"Point","coordinates":[65.0,50.0]},"properties":{"date":"2026-09-23","WS":5.2,"WD":24.0}},{"type":"Feature","geometry":{"type":"Point","coordinates":[70.0,50.0]},"properties":{"date":"2026-09-23","WS":6.0,"WD":26.0}},{"type":"Feature","geometry":{"type":"Point","coordinates":[75.0,50.0]},"properties":{"date":"2026-09-23","WS":8.9,"WD":44.0}},{"type":"Feature","geometry":{"type":"Point","coordinates":[80.0,50.0]},"properties":{"date":"2026-09-23","WS":5.1,"WD":41.0}},{"type":"Feature","geometry":{"type":"Point","coordinates":[85.0,50.0]},"properties":{"date":"2026-09-23","WS":4.1,"WD":79.0}},{"type":"Feature","geometry":{"type":"Point","coordinates":[90.0,50.0]},"properties":{"date":"2026-09-23","WS":6.3,"WD":97.0}},{"type":"Feature","geometry":{"type":"Point","coordinates":[95.0,50.0]},"properties":{"date":"2026-09-23","WS":4.5,"WD":107.0}},{"type":"Feature","geometry":{"type":"Point","coordinates":[100.0,50.0]},"properties":{"date":"2026-09-23","WS":3.7,"WD":114.0}},{"type":"Feature","geometry":{"type":"Point","coordinates":[105.0,50.0]},"properties":{"date":"2026-09-23","WS":5.0,"WD":85.0}},{"type":"Feature","geometry":{"type":"Point","coordinates":[110.0,50.0]},"properties":{"date":"2026-09-23","WS":1.8,"WD":169.0}},{"type":"Feature","geometry":{"type":"Point","coordinates":[115.0,50.0]},"properties":{"date":"2026-09-23","WS":4.7,"WD":257.0}},{"type":"Feature","geometry":{"type":"Point","coordinates":[120.0,50.0]},"properties":{"date":"2026-09-23","WS":6.4,"WD":284.0}},{"type":"Feature","geometry":{"type":"Point","coordinates":[125.0,50.0]},"properties":{"date":"2026-09-23","WS":7.3,"WD":269.0}},{"type":"Feature","geometry":{"type":"Point","coordinates":[130.0,50.0]},"properties":{"date":"2026-09-23","WS":8.6,"WD":273.0}},{"type":"Feature","geometry":{"type":"Point","coordinates":[135.0,50.0]},"properties":{"date":"2026-09-23","WS":9.7,"WD":283.0}},{"type":"Feature","geometry":{"type":"Point","coordinates":[140.0,50.0]},"properties":{"date":"2026-09-23","WS":8.9,"WD":288.0}},{"type":"Feature","geometry":{"type":"Point","coordinates":[145.0,50.0]},"properties":{"date":"2026-09-23","WS":11.6,"WD":287.0}},{"type":"Feature","geometry":{"type":"Point","coordinates":[150.0,50.0]},"properties":{"date":"2026-09-23","WS":18.6,"WD":272.0}},{"type":"Feature","geometry":{"type":"Point","coordinates":[155.0,50.0]},"properties":{"date":"2026-09-23","WS":14.9,"WD":291.0}},{"type":"Feature","geometry":{"type":"Point","coordinates":[160.0,50.0]},"properties":{"date":"2026-09-23","WS":21.0,"WD":294.0}},{"type":"Feature","geometry":{"type":"Point","coordinates":[165.0,50.0]},"properties":{"date":"2026-09-23","WS":30.4,"WD":289.0}},{"type":"Feature","geometry":{"type":"Point","coordinates":[170.0,50.0]},"properties":{"date":"2026-09-23","WS":19.2,"WD":272.0}},{"type":"Feature","geometry":{"type":"Point","coordinates":[175.0,50.0]},"properties":{"date":"2026-09-23","WS":20.9,"WD":224.0}},{"type":"Feature","geometry":{"type":"Point","coordinates":[-180.0,55.0]},"properties":{"date":"2026-09-23","WS":18.4,"WD":176.0}},{"type":"Feature","geometry":{"type":"Point","coordinates":[-175.0,55.0]},"properties":{"date":"2026-09-23","WS":17.5,"WD":185.0}},{"type":"Feature","geometry":{"type":"Point","coordinates":[-170.0,55.0]},"properties":{"date":"2026-09-23","WS":14.2,"WD":193.0}},{"type":"Feature","geometry":{"type":"Point","coordinates":[-165.0,55.0]},"properties":{"date":"2026-09-23","WS":13.9,"WD":210.0}},{"type":"Feature","geometry":{"type":"Point","coordinates":[-160.0,55.0]},"properties":{"date":"2026-09-23","WS":9.8,"WD":230.0}},{"type":"Feature","geometry":{"type":"Point","coordinates":[-155.0,55.0]},"properties":{"date":"2026-09-23","WS":11.2,"WD":283.0}},{"type":"Feature","geometry":{"type":"Point","coordinates":[-150.0,55.0]},"properties":{"date":"2026-09-23","WS":14.1,"WD":298.0}},{"type":"Feature","geometry":{"type":"Point","coordinates":[-145.0,55.0]},"properties":{"date":"2026-09-23","WS":12.9,"WD":290.0}},{"type":"Feature","geometry":{"type":"Point","coordinates":[-140.0,55.0]},"properties":{"date":"2026-09-23","WS":11.8,"WD":251.0}},{"type":"Feature","geometry":{"type":"Point","coordinates":[-135.0,55.0]},"properties":{"date":"2026-09-23","WS":12.2,"WD":236.0}},{"type":"Feature","geometry":{"type":"Point","coordinates":[-130.0,55.0]},"properties":{"date":"2026-09-23","WS":11.6,"WD":228.0}},{"type":"Feature","geometry":{"type":"Point","coordinates":[-125.0,55.0]},"properties":{"date":"2026-09-23","WS":8.6,"WD":226.0}},{"type":"Feature","geometry":{"type":"Point","coordinates":[-120.0,55.0]},"properties":{"date":"2026-09-23","WS":6.9,"WD":218.0}},{"type":"Feature","geometry":{"type":"Point","coordinates":[-115.0,55.0]},"properties":{"date":"2026-09-23","WS":5.8,"WD":216.0}},{"type":"Feature","geometry":{"type":"Point","coordinates":[-110.0,55.0]},"properties":{"date":"2026-09-23","WS":4.1,"WD":211.0}},{"type":"Feature","geometry":{"type":"Point","coordinates":[-105.0,55.0]},"properties":{"date":"2026-09-23","WS":3.2,"WD":216.0}},{"type":"Feature","geometry":{"type":"Point","coordinates":[-100.0,55.0]},"properties":{"date":"2026-09-23","WS":5.4,"WD":214.0}},{"type":"Feature","geometry":{"type":"Point","coordinates":[-95.0,55.0]},"properties":{"date":"2026-09-23","WS":7.7,"WD":227.0}},{"type":"Feature","geometry":{"type":"Point","coordinates":[-90.0,55.0]},"properties":{"date":"2026-09-23","WS":10.6,"WD":221.0}},{"type":"Feature","geometry":{"type":"Point","coordinates":[-85.0,55.0]},"properties":{"date":"2026-09-23","WS":9.9,"WD":229.0}},{"type":"Feature","geometry":{"type":"Point","coordinates":[-80.0,55.0]},"properties":{"date":"2026-09-23","WS":8.8,"WD":220.0}},{"type":"Feature","geometry":{"type":"Point","coordinates":[-75.0,55.0]},"properties":{"date":"2026-09-23","WS":8.4,"WD":227.0}},{"type":"Feature","geometry":{"type":"Point","coordinates":[-70.0,55.0]},"properties":{"date":"2026-09-23","WS":10.2,"WD":245.0}},{"type":"Feature","geometry":{"type":"Point","coordinates":[-65.0,55.0]},"properties":{"date":"2026-09-23","WS":14.0,"WD":261.0}},{"type":"Feature","geometry":{"type":"Point","coordinates":[-60.0,55.0]},"properties":{"date":"2026-09-23","WS":17.7,"WD":266.0}},{"type":"Feature","geometry":{"type":"Point","coordinates":[-55.0,55.0]},"properties":{"date":"2026-09-23","WS":16.4,"WD":285.0}},{"type":"Feature","geometry":{"type":"Point","coordinates":[-50.0,55.0]},"properties":{"date":"2026-09-23","WS":19.3,"WD":313.0}},{"type":"Feature","geometry":{"type":"Point","coordinates":[-45.0,55.0]},"properties":{"date":"2026-09-23","WS":20.4,"WD":320.0}},{"type":"Feature","geometry":{"type":"Point","coordinates":[-40.0,55.0]},"properties":{"date":"2026-09-23","WS":13.8,"WD":289.0}},{"type":"Feature","geometry":{"type":"Point","coordinates":[-35.0,55.0]},"properties":{"date":"2026-09-23","WS":23.9,"WD":221.0}},{"type":"Feature","geometry":{"type":"Point","coordinates":[-30.0,55.0]},"properties":{"date":"2026-09-23","WS":34.0,"WD":207.0}},{"type":"Feature","geometry":{"type":"Point","coordinates":[-25.0,55.0]},"properties":{"date":"2026-09-23","WS":31.0,"WD":205.0}},{"type":"Feature","geometry":{"type":"Point","coordinates":[-20.0,55.0]},"properties":{"date":"2026-09-23","WS":20.5,"WD":199.0}},{"type":"Feature","geometry":{"type":"Point","coordinates":[-15.0,55.0]},"properties":{"date":"2026-09-23","WS":17.8,"WD":195.0}},{"type":"Feature","geometry":{"type":"Point","coordinates":[-10.0,55.0]},"properties":{"date":"2026-09-23","WS":11.4,"WD":210.0}},{"type":"Feature","geometry":{"type":"Point","coordinates":[-5.0,55.0]},"properties":{"date":"2026-09-23","WS":11.6,"WD":251.0}},{"type":"Feature","geometry":{"type":"Point","coordinates":[0.0,55.0]},"properties":{"date":"2026-09-23","WS":12.2,"WD":276.0}},{"type":"Feature","geometry":{"type":"Point","coordinates":[5.0,55.0]},"properties":{"date":"2026-09-23","WS":10.8,"WD":276.0}},{"type":"Feature","geometry":{"type":"Point","coordinates":[10.0,55.0]},"properties":{"date":"2026-09-23","WS":7.0,"WD":267.0}},{"type":"Feature","geometry":{"type":"Point","coordinates":[15.0,55.0]},"properties":{"date":"2026-09-23","WS":4.7,"WD":256.0}},{"type":"Feature","geometry":{"type":"Point","coordinates":[20.0,55.0]},"properties":{"date":"2026-09-23","WS":2.9,"WD":266.0}},{"type":"Feature","geometry":{"type":"Point","coordinates":[25.0,55.0]},"properties":{"date":"2026-09-23","WS":1.7,"WD":340.0}},{"type":"Feature","geometry":{"type":"Point","coordinates":[30.0,55.0]},"properties":{"date":"2026-09-23","WS":3.2,"WD":29.0}},{"type":"Feature","geometry":{"type":"Point","coordinates":[35.0,55.0]},"properties":{"date":"2026-09-23","WS":2.7,"WD":54.0}},{"type":"Feature","geometry":{"type":"Point","coordinates":[40.0,55.0]},"properties":{"date":"2026-09-23","WS":4.2,"WD":105.0}},{"type":"Feature","geometry":{"type":"Point","coordinates":[45.0,55.0]},"properties":{"date":"2026-09-23","WS":5.9,"WD":106.0}},{"type":"Feature","geometry":{"type":"Point","coordinates":[50.0,55.0]},"properties":{"date":"2026-09-23","WS":3.7,"WD":105.0}},{"type":"Feature","geometry":{"type":"Point","coordinates":[55.0,55.0]},"properties":{"date":"2026-09-23","WS":4.0,"WD":27.0}},{"type":"Feature","geometry":{"type":"Point","coordinates":[60.0,55.0]},"properties":{"date":"2026-09-23","WS":4.8,"WD":358.0}},{"type":"Feature","geometry":{"type":"Point","coordinates":[65.0,55.0]},"properties":{"date":"2026-09-23","WS":4.8,"WD":355.0}},{"type":"Feature","geometry":{"type":"Point","coordinates":[70.0,55.0]},"properties":{"date":"2026-09-23","WS":4.9,"WD":345.0}},{"type":"Feature","geometry":{"type":"Point","coordinates":[75.0,55.0]},"properties":{"date":"2026-09-23","WS":4.3,"WD":347.0}},{"type":"Feature","geometry":{"type":"Point","coordinates":[80.0,55.0]},"properties":{"date":"2026-09-23","WS":2.9,"WD":339.0}},{"type":"Feature","geometry":{"type":"Point","coordinates":[85.0,55.0]},"properties":{"date":"2026-09-23","WS":0.9,"WD":89.0}},{"type":"Feature","geometry":{"type":"Point","coordinates":[90.0,55.0]},"properties":{"date":"2026-09-23","WS":2.1,"WD":162.0}},{"type":"Feature","geometry":{"type":"Point","coordinates":[95.0,55.0]},"properties":{"date":"2026-09-23","WS":1.7,"WD":142.0}},{"type":"Feature","geometry":{"type":"Point","coordinates":[100.0,55.0]},"properties":{"date":"2026-09-23","WS":2.8,"WD":193.0}},{"type":"Feature","geometry":{"type":"Point","coordinates":[105.0,55.0]},"properties":{"date":"2026-09-23","WS":2.1,"WD":200.0}},{"type":"Feature","geometry":{"type":"Point","coordinates":[110.0,55.0]},"properties":{"date":"2026-09-23","WS":3.1,"WD":230.0}},{"type":"Feature","geometry":{"type":"Point","coordinates":[115.0,55.0]},"properties":{"date":"2026-09-23","WS":4.9,"WD":252.0}},{"type":"Feature","geometry":{"type":"Point","coordinates":[120.0,55.0]},"properties":{"date":"2026-09-23","WS":5.8,"WD":262.0}},{"type":"Feature","geometry":{"type":"Point","coordinates":[125.0,55.0]},"properties":{"date":"2026-09-23","WS":6.6,"WD":267.0}},{"type":"Feature","geometry":{"type":"Point","coordinates":[130.0,55.0]},"properties":{"date":"2026-09-23","WS":7.3,"WD":274.0}},{"type":"Feature","geometry":{"type":"Point","coordinates":[135.0,55.0]},"properties":{"date":"2026-09-23","WS":7.9,"WD":281.0}},{"type":"Feature","geometry":{"type":"Point","coordinates":[140.0,55.0]},"properties":{"date":"2026-09-23","WS":8.0,"WD":284.0}},{"type":"Feature","geometry":{"type":"Point","coordinates":[145.0,55.0]},"properties":{"date":"2026-09-23","WS":8.4,"WD":305.0}},{"type":"Feature","geometry":{"type":"Point","coordinates":[150.0,55.0]},"properties":{"date":"2026-09-23","WS":8.9,"WD":306.0}},{"type":"Feature","geometry":{"type":"Point","coordinates":[155.0,55.0]},"properties":{"date":"2026-09-23","WS":8.5,"WD":309.0}},{"type":"Feature","geometry":{"type":"Point","coordinates":[160.0,55.0]},"properties":{"date":"2026-09-23","WS":9.5,"WD":303.0}},{"type":"Feature","geometry":{"type":"Point","coordinates":[165.0,55.0]},"properties":{"date":"2026-09-23","WS":9.3,"WD":305.0}},{"type":"Feature","geometry":{"type":"Point","coordinates":[170.0,55.0]},"properties":{"date":"2026-09-23","WS":5.5,"WD":255.0}},{"type":"Feature","geometry":{"type":"Point","coordinates":[175.0,55.0]},"properties":{"date":"2026-09-23","WS":12.7,"WD":188.0}},{"type":"Feature","geometry":{"type":"Point","coordinates":[-180.0,60.0]},"properties":{"date":"2026-09-23","WS":30.5,"WD":126.0}},{"type":"Feature","geometry":{"type":"Point","coordinates":[-175.0,60.0]},"properties":{"date":"2026-09-23","WS":14.6,"WD":145.0}},{"type":"Feature","geometry":{"type":"Point","coordinates":[-170.0,60.0]},"properties":{"date":"2026-09-23","WS":8.9,"WD":202.0}},{"type":"Feature","geometry":{"type":"Point","coordinates":[-165.0,60.0]},"properties":{"date":"2026-09-23","WS":11.7,"WD":209.0}},{"type":"Feature","geometry":{"type":"Point","coordinates":[-160.0,60.0]},"properties":{"date":"2026-09-23","WS":9.4,"WD":246.0}},{"type":"Feature","geometry":{"type":"Point","coordinates":[-155.0,60.0]},"properties":{"date":"2026-09-23","WS":10.8,"WD":290.0}},{"type":"Feature","geometry":{"type":"Point","coordinates":[-150.0,60.0]},"properties":{"date":"2026-09-23","WS":11.1,"WD":319.0}},{"type":"Feature","geometry":{"type":"Point","coordinates":[-145.0,60.0]},"properties":{"date":"2026-09-23","WS":10.9,"WD":288.0}},{"type":"Feature","geometry":{"type":"Point","coordinates":[-140.0,60.0]},"properties":{"date":"2026-09-23","WS":8.5,"WD":255.0}},{"type":"Feature","geometry":{"type":"Point","coordinates":[-135.0,60.0]},"properties":{"date":"2026-09-23","WS":4.2,"WD":222.0}},{"type":"Feature","geometry":{"type":"Point","coordinates":[-130.0,60.0]},"properties":{"date":"2026-09-23","WS":7.6,"WD":223.0}},{"type":"Feature","geometry":{"type":"Point","coordinates":[-125.0,60.0]},"properties":{"date":"2026-09-23","WS":8.0,"WD":204.0}},{"type":"Feature","geometry":{"type":"Point","coordinates":[-120.0,60.0]},"properties":{"date":"2026-09-23","WS":8.0,"WD":180.0}},{"type":"Feature","geometry":{"type":"Point","coordinates":[-115.0,60.0]},"properties":{"date":"2026-09-23","WS":6.0,"WD":198.0}},{"type":"Feature","geometry":{"type":"Point","coordinates":[-110.0,60.0]},"properties":{"date":"2026-09-23","WS":3.1,"WD":280.0}},{"type":"Feature","geometry":{"type":"Point","coordinates":[-105.0,60.0]},"properties":{"date":"2026-09-23","WS":8.8,"WD":336.0}},{"type":"Feature","geometry":{"type":"Point","coordinates":[-100.0,60.0]},"properties":{"date":"2026-09-23","WS":6.0,"WD":282.0}},{"type":"Feature","geometry":{"type":"Point","coordinates":[-95.0,60.0]},"properties":{"date":"2026-09-23","WS":13.0,"WD":246.0}},{"type":"Feature","geometry":{"type":"Point","coordinates":[-90.0,60.0]},"properties":{"date":"2026-09-23","WS":20.4,"WD":238.0}},{"type":"Feature","geometry":{"type":"Point","coordinates":[-85.0,60.0]},"properties":{"date":"2026-09-23","WS":14.5,"WD":239.0}},{"type":"Feature","geometry":{"type":"Point","coordinates":[-80.0,60.0]},"properties":{"date":"2026-09-23","WS":11.9,"WD":233.0}},{"type":"Feature","geometry":{"type":"Point","coordinates":[-75.0,60.0]},"properties":{"date":"2026-09-23","WS":14.4,"WD":237.0}},{"type":"Feature","geometry":{"type":"Point","coordinates":[-70.0,60.0]},"properties":{"date":"2026-09-23","WS":12.6,"WD":233.0}},{"type":"Feature","geometry":{"type":"Point","coordinates":[-65.0,60.0]},"properties":{"date":"2026-09-23","WS":16.4,"WD":249.0}},{"type":"Feature","geometry":{"type":"Point","coordinates":[-60.0,60.0]},"properties":{"date":"2026-09-23","WS":24.0,"WD":261.0}},{"type":"Feature","geometry":{"type":"Point","coordinates":[-55.0,60.0]},"properties":{"date":"2026-09-23","WS":15.9,"WD":267.0}},{"type":"Feature","geometry":{"type":"Point","coordinates":[-50.0,60.0]},"properties":{"date":"2026-09-23","WS":11.5,"WD":298.0}},{"type":"Feature","geometry":{"type":"Point","coordinates":[-45.0,60.0]},"properties":{"date":"2026-09-23","WS":12.7,"WD":305.0}},{"type":"Feature","geometry":{"type":"Point","coordinates":[-40.0,60.0]},"properties":{"date":"2026-09-23","WS":9.5,"WD":272.0}},{"type":"Feature","geometry":{"type":"Point","coordinates":[-35.0,60.0]},"properties":{"date":"2026-09-23","WS":19.7,"WD":213.0}},{"type":"Feature","geometry":{"type":"Point","coordinates":[-30.0,60.0]},"properties":{"date":"2026-09-23","WS":29.2,"WD":204.0}},{"type":"Feature","geometry":{"type":"Point","coordinates":[-25.0,60.0]},"properties":{"date":"2026-09-23","WS":24.7,"WD":207.0}},{"type":"Feature","geometry":{"type":"Point","coordinates":[-20.0,60.0]},"properties":{"date":"2026-09-23","WS":20.9,"WD":215.0}},{"type":"Feature","geometry":{"type":"Point","coordinates":[-15.0,60.0]},"properties":{"date":"2026-09-23","WS":25.9,"WD":222.0}},{"type":"Feature","geometry":{"type":"Point","coordinates":[-10.0,60.0]},"properties":{"date":"2026-09-23","WS":16.6,"WD":231.0}},{"type":"Feature","geometry":{"type":"Point","coordinates":[-5.0,60.0]},"properties":{"date":"2026-09-23","WS":13.8,"WD":269.0}},{"type":"Feature","geometry":{"type":"Point","coordinates":[0.0,60.0]},"properties":{"date":"2026-09-23","WS":17.5,"WD":297.0}},{"type":"Feature","geometry":{"type":"Point","coordinates":[5.0,60.0]},"properties":{"date":"2026-09-23","WS":13.6,"WD":272.0}},{"type":"Feature","geometry":{"type":"Point","coordinates":[10.0,60.0]},"properties":{"date":"2026-09-23","WS":8.1,"WD":241.0}},{"type":"Feature","geometry":{"type":"Point","coordinates":[15.0,60.0]},"properties":{"date":"2026-09-23","WS":2.9,"WD":174.0}},{"type":"Feature","geometry":{"type":"Point","coordinates":[20.0,60.0]},"properties":{"date":"2026-09-23","WS":4.9,"WD":211.0}},{"type":"Feature","geometry":{"type":"Point","coordinates":[25.0,60.0]},"properties":{"date":"2026-09-23","WS":2.9,"WD":121.0}},{"type":"Feature","geometry":{"type":"Point","coordinates":[30.0,60.0]},"properties":{"date":"2026-09-23","WS":12.8,"WD":76.0}},{"type":"Feature","geometry":{"type":"Point","coordinates":[35.0,60.0]},"properties":{"date":"2026-09-23","WS":4.9,"WD":103.0}},{"type":"Feature","geometry":{"type":"Point","coordinates":[40.0,60.0]},"properties":{"date":"2026-09-23","WS":3.7,"WD":146.0}},{"type":"Feature","geometry":{"type":"Point","coordinates":[45.0,60.0]},"properties":{"date":"2026-09-23","WS":3.7,"WD":115.0}},{"type":"Feature","geometry":{"type":"Point","coordinates":[50.0,60.0]},"properties":{"date":"2026-09-23","WS":1.6,"WD":138.0}},{"type":"Feature","geometry":{"type":"Point","coordinates":[55.0,60.0]},"properties":{"date":"2026-09-23","WS":3.1,"WD":324.0}},{"type":"Feature","geometry":{"type":"Point","coordinates":[60.0,60.0]},"properties":{"date":"2026-09-23","WS":6.0,"WD":325.0}},{"type":"Feature","geometry":{"type":"Point","coordinates":[65.0,60.0]},"properties":{"date":"2026-09-23","WS":6.4,"WD":328.0}},{"type":"Feature","geometry":{"type":"Point","coordinates":[70.0,60.0]},"properties":{"date":"2026-09-23","WS":6.8,"WD":309.0}},{"type":"Feature","geometry":{"type":"Point","coordinates":[75.0,60.0]},"properties":{"date":"2026-09-23","WS":8.4,"WD":279.0}},{"type":"Feature","geometry":{"type":"Point","coordinates":[80.0,60.0]},"properties":{"date":"2026-09-23","WS":5.6,"WD":301.0}},{"type":"Feature","geometry":{"type":"Point","coordinates":[85.0,60.0]},"properties":{"date":"2026-09-23","WS":3.0,"WD":264.0}},{"type":"Feature","geometry":{"type":"Point","coordinates":[90.0,60.0]},"properties":{"date":"2026-09-23","WS":7.1,"WD":216.0}},{"type":"Feature","geometry":{"type":"Point","coordinates":[95.0,60.0]},"properties":{"date":"2026-09-23","WS":3.9,"WD":232.0}},{"type":"Feature","geometry":{"type":"Point","coordinates":[100.0,60.0]},"properties":{"date":"2026-09-23","WS":4.6,"WD":241.0}},{"type":"Feature","geometry":{"type":"Point","coordinates":[105.0,60.0]},"properties":{"date":"2026-09-23","WS":6.8,"WD":234.0}},{"type":"Feature","geometry":{"type":"Point","coordinates":[110.0,60.0]},"properties":{"date":"2026-09-23","WS":5.9,"WD":240.0}},{"type":"Feature","geometry":{"type":"Point","coordinates":[115.0,60.0]},"properties":{"date":"2026-09-23","WS":5.8,"WD":246.0}},{"type":"Feature","geometry":{"type":"Point","coordinates":[120.0,60.0]},"properties":{"date":"2026-09-23","WS":6.3,"WD":250.0}},{"type":"Feature","geometry":{"type":"Point","coordinates":[125.0,60.0]},"properties":{"date":"2026-09-23","WS":6.0,"WD":251.0}},{"type":"Feature","geometry":{"type":"Point","coordinates":[130.0,60.0]},"properties":{"date":"2026-09-23","WS":6.1,"WD":272.0}},{"type":"Feature","geometry":{"type":"Point","coordinates":[135.0,60.0]},"properties":{"date":"2026-09-23","WS":7.8,"WD":299.0}},{"type":"Feature","geometry":{"type":"Point","coordinates":[140.0,60.0]},"properties":{"date":"2026-09-23","WS":6.1,"WD":289.0}},{"type":"Feature","geometry":{"type":"Point","coordinates":[145.0,60.0]},"properties":{"date":"2026-09-23","WS":5.1,"WD":330.0}},{"type":"Feature","geometry":{"type":"Point","coordinates":[150.0,60.0]},"properties":{"date":"2026-09-23","WS":10.0,"WD":16.0}},{"type":"Feature","geometry":{"type":"Point","coordinates":[155.0,60.0]},"properties":{"date":"2026-09-23","WS":5.3,"WD":359.0}},{"type":"Feature","geometry":{"type":"Point","coordinates":[160.0,60.0]},"properties":{"date":"2026-09-23","WS":5.0,"WD":64.0}},{"type":"Feature","geometry":{"type":"Point","coordinates":[165.0,60.0]},"properties":{"date":"2026-09-23","WS":13.8,"WD":87.0}},{"type":"Feature","geometry":{"type":"Point","coordinates":[170.0,60.0]},"properties":{"date":"2026-09-23","WS":7.4,"WD":106.0}},{"type":"Feature","geometry":{"type":"Point","coordinates":[175.0,60.0]},"properties":{"date":"2026-09-23","WS":15.1,"WD":132.0}},{"type":"Feature","geometry":{"type":"Point","coordinates":[-180.0,65.0]},"properties":{"date":"2026-09-23","WS":7.6,"WD":114.0}},{"type":"Feature","geometry":{"type":"Point","coordinates":[-175.0,65.0]},"properties":{"date":"2026-09-23","WS":3.8,"WD":140.0}},{"type":"Feature","geometry":{"type":"Point","coordinates":[-170.0,65.0]},"properties":{"date":"2026-09-23","WS":4.3,"WD":274.0}},{"type":"Feature","geometry":{"type":"Point","coordinates":[-165.0,65.0]},"properties":{"date":"2026-09-23","WS":7.9,"WD":292.0}},{"type":"Feature","geometry":{"type":"Point","coordinates":[-160.0,65.0]},"properties":{"date":"2026-09-23","WS":10.8,"WD":287.0}},{"type":"Feature","geometry":{"type":"Point","coordinates":[-155.0,65.0]},"properties":{"date":"2026-09-23","WS":12.9,"WD":280.0}},{"type":"Feature","geometry":{"type":"Point","coordinates":[-150.0,65.0]},"properties":{"date":"2026-09-23","WS":13.8,"WD":279.0}},{"type":"Feature","geometry":{"type":"Point","coordinates":[-145.0,65.0]},"properties":{"date":"2026-09-23","WS":12.7,"WD":269.0}},{"type":"Feature","geometry":{"type":"Point","coordinates":[-140.0,65.0]},"properties":{"date":"2026-09-23","WS":10.2,"WD":250.0}},{"type":"Feature","geometry":{"type":"Point","coordinates":[-135.0,65.0]},"properties":{"date":"2026-09-23","WS":9.0,"WD":231.0}},{"type":"Feature","geometry":{"type":"Point","coordinates":[-130.0,65.0]},"properties":{"date":"2026-09-23","WS":8.8,"WD":220.0}},{"type":"Feature","geometry":{"type":"Point","coordinates":[-125.0,65.0]},"properties":{"date":"2026-09-23","WS":8.2,"WD":205.0}},{"type":"Feature","geometry":{"type":"Point","coordinates":[-120.0,65.0]},"properties":{"date":"2026-09-23","WS":7.5,"WD":196.0}},{"type":"Feature","geometry":{"type":"Point","coordinates":[-115.0,65.0]},"properties":{"date":"2026-09-23","WS":6.2,"WD":203.0}},{"type":"Feature","geometry":{"type":"Point","coordinates":[-110.0,65.0]},"properties":{"date":"2026-09-23","WS":4.9,"WD":239.0}},{"type":"Feature","geometry":{"type":"Point","coordinates":[-105.0,65.0]},"properties":{"date":"2026-09-23","WS":6.4,"WD":269.0}},{"type":"Feature","geometry":{"type":"Point","coordinates":[-100.0,65.0]},"properties":{"date":"2026-09-23","WS":8.2,"WD":268.0}},{"type":"Feature","geometry":{"type":"Point","coordinates":[-95.0,65.0]},"properties":{"date":"2026-09-23","WS":13.1,"WD":270.0}},{"type":"Feature","geometry":{"type":"Point","coordinates":[-90.0,65.0]},"properties":{"date":"2026-09-23","WS":16.0,"WD":269.0}},{"type":"Feature","geometry":{"type":"Point","coordinates":[-85.0,65.0]},"properties":{"date":"2026-09-23","WS":12.9,"WD":259.0}},{"type":"Feature","geometry":{"type":"Point","coordinates":[-80.0,65.0]},"properties":{"date":"2026-09-23","WS":9.9,"WD":224.0}},{"type":"Feature","geometry":{"type":"Point","coordinates":[-75.0,65.0]},"properties":{"date":"2026-09-23","WS":10.5,"WD":203.0}},{"type":"Feature","geometry":{"type":"Point","coordinates":[-70.0,65.0]},"properties":{"date":"2026-09-23","WS":11.1,"WD":209.0}},{"type":"Feature","geometry":{"type":"Point","coordinates":[-65.0,65.0]},"properties":{"date":"2026-09-23","WS":12.4,"WD":219.0}},{"type":"Feature","geometry":{"type":"Point","coordinates":[-60.0,65.0]},"properties":{"date":"2026-09-23","WS":12.7,"WD":220.0}},{"type":"Feature","geometry":{"type":"Point","coordinates":[-55.0,65.0]},"properties":{"date":"2026-09-23","WS":8.8,"WD":239.0}},{"type":"Feature","geometry":{"type":"Point","coordinates":[-50.0,65.0]},"properties":{"date":"2026-09-23","WS":3.5,"WD":284.0}},{"type":"Feature","geometry":{"type":"Point","coordinates":[-45.0,65.0]},"properties":{"date":"2026-09-23","WS":1.7,"WD":328.0}},{"type":"Feature","geometry":{"type":"Point","coordinates":[-40.0,65.0]},"properties":{"date":"2026-09-23","WS":4.4,"WD":230.0}},{"type":"Feature","geometry":{"type":"Point","coordinates":[-35.0,65.0]},"properties":{"date":"2026-09-23","WS":13.4,"WD":210.0}},{"type":"Feature","geometry":{"type":"Point","coordinates":[-30.0,65.0]},"properties":{"date":"2026-09-23","WS":18.1,"WD":208.0}},{"type":"Feature","geometry":{"type":"Point","coordinates":[-25.0,65.0]},"properties":{"date":"2026-09-23","WS":16.9,"WD":210.0}},{"type":"Feature","geometry":{"type":"Point","coordinates":[-20.0,65.0]},"properties":{"date":"2026-09-23","WS":12.1,"WD":230.0}},{"type":"Feature","geometry":{"type":"Point","coordinates":[-15.0,65.0]},"properties":{"date":"2026-09-23","WS":10.3,"WD":262.0}},{"type":"Feature","geometry":{"type":"Point","coordinates":[-10.0,65.0]},"properties":{"date":"2026-09-23","WS":11.8,"WD":258.0}},{"type":"Feature","geometry":{"type":"Point","coordinates":[-5.0,65.0]},"properties":{"date":"2026-09-23","WS":15.4,"WD":256.0}},{"type":"Feature","geometry":{"type":"Point","coordinates":[0.0,65.0]},"properties":{"date":"2026-09-23","WS":18.5,"WD":253.0}},{"type":"Feature","geometry":{"type":"Point","coordinates":[5.0,65.0]},"properties":{"date":"2026-09-23","WS":16.7,"WD":249.0}},{"type":"Feature","geometry":{"type":"Point","coordinates":[10.0,65.0]},"properties":{"date":"2026-09-23","WS":15.4,"WD":234.0}},{"type":"Feature","geometry":{"type":"Point","coordinates":[15.0,65.0]},"properties":{"date":"2026-09-23","WS":14.4,"WD":222.0}},{"type":"Feature","geometry":{"type":"Point","coordinates":[20.0,65.0]},"properties":{"date":"2026-09-23","WS":12.2,"WD":218.0}},{"type":"Feature","geometry":{"type":"Point","coordinates":[25.0,65.0]},"properties":{"date":"2026-09-23","WS":8.5,"WD":206.0}},{"type":"Feature","geometry":{"type":"Point","coordinates":[30.0,65.0]},"properties":{"date":"2026-09-23","WS":6.9,"WD":188.0}},{"type":"Feature","geometry":{"type":"Point","coordinates":[35.0,65.0]},"properties":{"date":"2026-09-23","WS":6.9,"WD":190.0}},{"type":"Feature","geometry":{"type":"Point","coordinates":[40.0,65.0]},"properties":{"date":"2026-09-23","WS":7.8,"WD":198.0}},{"type":"Feature","geometry":{"type":"Point","coordinates":[45.0,65.0]},"properties":{"date":"2026-09-23","WS":7.5,"WD":203.0}},{"type":"Feature","geometry":{"type":"Point","coordinates":[50.0,65.0]},"properties":{"date":"2026-09-23","WS":5.1,"WD":219.0}},{"type":"Feature","geometry":{"type":"Point","coordinates":[55.0,65.0]},"properties":{"date":"2026-09-23","WS":4.4,"WD":297.0}},{"type":"Feature","geometry":{"type":"Point","coordinates":[60.0,65.0]},"properties":{"date":"2026-09-23","WS":7.2,"WD":312.0}},{"type":"Feature","geometry":{"type":"Point","coordinates":[65.0,65.0]},"properties":{"date":"2026-09-23","WS":8.4,"WD":322.0}},{"type":"Feature","geometry":{"type":"Point","coordinates":[70.0,65.0]},"properties":{"date":"2026-09-23","WS":9.3,"WD":321.0}},{"type":"Feature","geometry":{"type":"Point","coordinates":[75.0,65.0]},"properties":{"date":"2026-09-23","WS":10.0,"WD":318.0}},{"type":"Feature","geometry":{"type":"Point","coordinates":[80.0,65.0]},"properties":{"date":"2026-09-23","WS":8.0,"WD":321.0}},{"type":"Feature","geometry":{"type":"Point","coordinates":[85.0,65.0]},"properties":{"date":"2026-09-23","WS":5.4,"WD":321.0}},{"type":"Feature","geometry":{"type":"Point","coordinates":[90.0,65.0]},"properties":{"date":"2026-09-23","WS":4.6,"WD":308.0}},{"type":"Feature","geometry":{"type":"Point","coordinates":[95.0,65.0]},"properties":{"date":"2026-09-23","WS":4.1,"WD":287.0}},{"type":"Feature","geometry":{"type":"Point","coordinates":[100.0,65.0]},"properties":{"date":"2026-09-23","WS":6.2,"WD":261.0}},{"type":"Feature","geometry":{"type":"Point","coordinates":[105.0,65.0]},"properties":{"date":"2026-09-23","WS":8.2,"WD":254.0}},{"type":"Feature","geometry":{"type":"Point","coordinates":[110.0,65.0]},"properties":{"date":"2026-09-23","WS":7.5,"WD":247.0}},{"type":"Feature","geometry":{"type":"Point","coordinates":[115.0,65.0]},"properties":{"date":"2026-09-23","WS":6.3,"WD":234.0}},{"type":"Feature","geometry":{"type":"Point","coordinates":[120.0,65.0]},"properties":{"date":"2026-09-23","WS":6.3,"WD":223.0}},{"type":"Feature","geometry":{"type":"Point","coordinates":[125.0,65.0]},"properties":{"date":"2026-09-23","WS":6.0,"WD":228.0}},{"type":"Feature","geometry":{"type":"Point","coordinates":[130.0,65.0]},"properties":{"date":"2026-09-23","WS":5.9,"WD":231.0}},{"type":"Feature","geometry":{"type":"Point","coordinates":[135.0,65.0]},"properties":{"date":"2026-09-23","WS":5.8,"WD":228.0}},{"type":"Feature","geometry":{"type":"Point","coordinates":[140.0,65.0]},"properties":{"date":"2026-09-23","WS":4.6,"WD":247.0}},{"type":"Feature","geometry":{"type":"Point","coordinates":[145.0,65.0]},"properties":{"date":"2026-09-23","WS":3.0,"WD":285.0}},{"type":"Feature","geometry":{"type":"Point","coordinates":[150.0,65.0]},"properties":{"date":"2026-09-23","WS":2.2,"WD":339.0}},{"type":"Feature","geometry":{"type":"Point","coordinates":[155.0,65.0]},"properties":{"date":"2026-09-23","WS":2.2,"WD":15.0}},{"type":"Feature","geometry":{"type":"Point","coordinates":[160.0,65.0]},"properties":{"date":"2026-09-23","WS":5.5,"WD":81.0}},{"type":"Feature","geometry":{"type":"Point","coordinates":[165.0,65.0]},"properties":{"date":"2026-09-23","WS":10.4,"WD":90.0}},{"type":"Feature","geometry":{"type":"Point","coordinates":[170.0,65.0]},"properties":{"date":"2026-09-23","WS":8.1,"WD":103.0}},{"type":"Feature","geometry":{"type":"Point","coordinates":[175.0,65.0]},"properties":{"date":"2026-09-23","WS":7.5,"WD":114.0}},{"type":"Feature","geometry":{"type":"Point","coordinates":[-180.0,70.0]},"properties":{"date":"2026-09-23","WS":13.2,"WD":337.0}},{"type":"Feature","geometry":{"type":"Point","coordinates":[-175.0,70.0]},"properties":{"date":"2026-09-23","WS":6.9,"WD":339.0}},{"type":"Feature","geometry":{"type":"Point","coordinates":[-170.0,70.0]},"properties":{"date":"2026-09-23","WS":13.0,"WD":326.0}},{"type":"Feature","geometry":{"type":"Point","coordinates":[-165.0,70.0]},"properties":{"date":"2026-09-23","WS":23.7,"WD":332.0}},{"type":"Feature","geometry":{"type":"Point","coordinates":[-160.0,70.0]},"properties":{"date":"2026-09-23","WS":15.7,"WD":314.0}},{"type":"Feature","geometry":{"type":"Point","coordinates":[-155.0,70.0]},"properties":{"date":"2026-09-23","WS":16.3,"WD":272.0}},{"type":"Feature","geometry":{"type":"Point","coordinates":[-150.0,70.0]},"properties":{"date":"2026-09-23","WS":21.4,"WD":257.0}},{"type":"Feature","geometry":{"type":"Point","coordinates":[-145.0,70.0]},"properties":{"date":"2026-09-23","WS":16.0,"WD":262.0}},{"type":"Feature","geometry":{"type":"Point","coordinates":[-140.0,70.0]},"properties":{"date":"2026-09-23","WS":11.8,"WD":237.0}},{"type":"Feature","geometry":{"type":"Point","coordinates":[-135.0,70.0]},"properties":{"date":"2026-09-23","WS":12.6,"WD":225.0}},{"type":"Feature","geometry":{"type":"Point","coordinates":[-130.0,70.0]},"properties":{"date":"2026-09-23","WS":10.8,"WD":223.0}},{"type":"Feature","geometry":{"type":"Point","coordinates":[-125.0,70.0]},"properties":{"date":"2026-09-23","WS":8.3,"WD":203.0}},{"type":"Feature","geometry":{"type":"Point","coordinates":[-120.0,70.0]},"properties":{"date":"2026-09-23","WS":8.2,"WD":193.0}},{"type":"Feature","geometry":{"type":"Point","coordinates":[-115.0,70.0]},"properties":{"date":"2026-09-23","WS":7.3,"WD":206.0}},{"type":"Feature","geometry":{"type":"Point","coordinates":[-110.0,70.0]},"properties":{"date":"2026-09-23","WS":7.8,"WD":233.0}},{"type":"Feature","geometry":{"type":"Point","coordinates":[-105.0,70.0]},"properties":{"date":"2026-09-23","WS":10.7,"WD":231.0}},{"type":"Feature","geometry":{"type":"Point","coordinates":[-100.0,70.0]},"properties":{"date":"2026-09-23","WS":9.8,"WD":256.0}},{"type":"Feature","geometry":{"type":"Point","coordinates":[-95.0,70.0]},"properties":{"date":"2026-09-23","WS":16.1,"WD":291.0}},{"type":"Feature","geometry":{"type":"Point","coordinates":[-90.0,70.0]},"properties":{"date":"2026-09-23","WS":24.4,"WD":305.0}},{"type":"Feature","geometry":{"type":"Point","coordinates":[-85.0,70.0]},"properties":{"date":"2026-09-23","WS":14.6,"WD":285.0}},{"type":"Feature","geometry":{"type":"Point","coordinates":[-80.0,70.0]},"properties":{"date":"2026-09-23","WS":8.7,"WD":194.0}},{"type":"Feature","geometry":{"type":"Point","coordinates":[-75.0,70.0]},"properties":{"date":"2026-09-23","WS":14.6,"WD":157.0}},{"type":"Feature","geometry":{"type":"Point","coordinates":[-70.0,70.0]},"properties":{"date":"2026-09-23","WS":11.4,"WD":179.0}},{"type":"Feature","geometry":{"type":"Point","coordinates":[-65.0,70.0]},"properties":{"date":"2026-09-23","WS":13.5,"WD":178.0}},{"type":"Feature","geometry":{"type":"Point","coordinates":[-60.0,70.0]},"properties":{"date":"2026-09-23","WS":18.9,"WD":161.0}},{"type":"Feature","geometry":{"type":"Point","coordinates":[-55.0,70.0]},"properties":{"date":"2026-09-23","WS":11.4,"WD":172.0}},{"type":"Feature","geometry":{"type":"Point","coordinates":[-50.0,70.0]},"properties":{"date":"2026-09-23","WS":6.0,"WD":118.0}},{"type":"Feature","geometry":{"type":"Point","coordinates":[-45.0,70.0]},"properties":{"date":"2026-09-23","WS":14.1,"WD":101.0}},{"type":"Feature","geometry":{"type":"Point","coordinates":[-40.0,70.0]},"properties":{"date":"2026-09-23","WS":6.2,"WD":123.0}},{"type":"Feature","geometry":{"type":"Point","coordinates":[-35.0,70.0]},"properties":{"date":"2026-09-23","WS":9.0,"WD":198.0}},{"type":"Feature","geometry":{"type":"Point","coordinates":[-30.0,70.0]},"properties":{"date":"2026-09-23","WS":8.6,"WD":198.0}},{"type":"Feature","geometry":{"type":"Point","coordinates":[-25.0,70.0]},"properties":{"date":"2026-09-23","WS":9.6,"WD":213.0}},{"type":"Feature","geometry":{"type":"Point","coordinates":[-20.0,70.0]},"properties":{"date":"2026-09-23","WS":7.9,"WD":308.0}},{"type":"Feature","geometry":{"type":"Point","coordinates":[-15.0,70.0]},"properties":{"date":"2026-09-23","WS":20.2,"WD":348.0}},{"type":"Feature","geometry":{"type":"Point","coordinates":[-10.0,70.0]},"properties":{"date":"2026-09-23","WS":10.8,"WD":307.0}},{"type":"Feature","geometry":{"type":"Point","coordinates":[-5.0,70.0]},"properties":{"date":"2026-09-23","WS":19.5,"WD":245.0}},{"type":"Feature","geometry":{"type":"Point","coordinates":[0.0,70.0]},"properties":{"date":"2026-09-23","WS":27.2,"WD":233.0}},{"type":"Feature","geometry":{"type":"Point","coordinates":[5.0,70.0]},"properties":{"date":"2026-09-23","WS":21.7,"WD":238.0}},{"type":"Feature","geometry":{"type":"Point","coordinates":[10.0,70.0]},"properties":{"date":"2026-09-23","WS":23.8,"WD":227.0}},{"type":"Feature","geometry":{"type":"Point","coordinates":[15.0,70.0]},"properties":{"date":"2026-09-23","WS":30.9,"WD":223.0}},{"type":"Feature","geometry":{"type":"Point","coordinates":[20.0,70.0]},"properties":{"date":"2026-09-23","WS":22.0,"WD":221.0}},{"type":"Feature","geometry":{"type":"Point","coordinates":[25.0,70.0]},"properties":{"date":"2026-09-23","WS":17.5,"WD":215.0}},{"type":"Feature","geometry":{"type":"Point","coordinates":[30.0,70.0]},"properties":{"date":"2026-09-23","WS":22.4,"WD":216.0}},{"type":"Feature","geometry":{"type":"Point","coordinates":[35.0,70.0]},"properties":{"date":"2026-09-23","WS":16.2,"WD":213.0}},{"type":"Feature","geometry":{"type":"Point","coordinates":[40.0,70.0]},"properties":{"date":"2026-09-23","WS":14.3,"WD":212.0}},{"type":"Feature","geometry":{"type":"Point","coordinates":[45.0,70.0]},"properties":{"date":"2026-09-23","WS":20.5,"WD":216.0}},{"type":"Feature","geometry":{"type":"Point","coordinates":[50.0,70.0]},"properties":{"date":"2026-09-23","WS":12.3,"WD":222.0}},{"type":"Feature","geometry":{"type":"Point","coordinates":[55.0,70.0]},"properties":{"date":"2026-09-23","WS":7.7,"WD":296.0}},{"type":"Feature","geometry":{"type":"Point","coordinates":[60.0,70.0]},"properties":{"date":"2026-09-23","WS":11.4,"WD":314.0}},{"type":"Feature","geometry":{"type":"Point","coordinates":[65.0,70.0]},"properties":{"date":"2026-09-23","WS":10.1,"WD":314.0}},{"type":"Feature","geometry":{"type":"Point","coordinates":[70.0,70.0]},"properties":{"date":"2026-09-23","WS":12.7,"WD":329.0}},{"type":"Feature","geometry":{"type":"Point","coordinates":[75.0,70.0]},"properties":{"date":"2026-09-23","WS":16.2,"WD":334.0}},{"type":"Feature","geometry":{"type":"Point","coordinates":[80.0,70.0]},"properties":{"date":"2026-09-23","WS":12.1,"WD":331.0}},{"type":"Feature","geometry":{"type":"Point","coordinates":[85.0,70.0]},"properties":{"date":"2026-09-23","WS":9.3,"WD":335.0}},{"type":"Feature","geometry":{"type":"Point","coordinates":[90.0,70.0]},"properties":{"date":"2026-09-23","WS":12.1,"WD":347.0}},{"type":"Feature","geometry":{"type":"Point","coordinates":[95.0,70.0]},"properties":{"date":"2026-09-23","WS":7.7,"WD":324.0}},{"type":"Feature","geometry":{"type":"Point","coordinates":[100.0,70.0]},"properties":{"date":"2026-09-23","WS":9.1,"WD":268.0}},{"type":"Feature","geometry":{"type":"Point","coordinates":[105.0,70.0]},"properties":{"date":"2026-09-23","WS":13.3,"WD":264.0}},{"type":"Feature","geometry":{"type":"Point","coordinates":[110.0,70.0]},"properties":{"date":"2026-09-23","WS":9.4,"WD":257.0}},{"type":"Feature","geometry":{"type":"Point","coordinates":[115.0,70.0]},"properties":{"date":"2026-09-23","WS":7.4,"WD":219.0}},{"type":"Feature","geometry":{"type":"Point","coordinates":[120.0,70.0]},"properties":{"date":"2026-09-23","WS":8.2,"WD":196.0}},{"type":"Feature","geometry":{"type":"Point","coordinates":[125.0,70.0]},"properties":{"date":"2026-09-23","WS":7.3,"WD":208.0}},{"type":"Feature","geometry":{"type":"Point","coordinates":[130.0,70.0]},"properties":{"date":"2026-09-23","WS":8.7,"WD":199.0}},{"type":"Feature","geometry":{"type":"Point","coordinates":[135.0,70.0]},"properties":{"date":"2026-09-23","WS":12.4,"WD":186.0}},{"type":"Feature","geometry":{"type":"Point","coordinates":[140.0,70.0]},"properties":{"date":"2026-09-23","WS":7.3,"WD":198.0}},{"type":"Feature","geometry":{"type":"Point","coordinates":[145.0,70.0]},"properties":{"date":"2026-09-23","WS":3.9,"WD":220.0}},{"type":"Feature","geometry":{"type":"Point","coordinates":[150.0,70.0]},"properties":{"date":"2026-09-23","WS":5.4,"WD":218.0}},{"type":"Feature","geometry":{"type":"Point","coordinates":[155.0,70.0]},"properties":{"date":"2026-09-23","WS":2.1,"WD":166.0}},{"type":"Feature","geometry":{"type":"Point","coordinates":[160.0,70.0]},"properties":{"date":"2026-09-23","WS":7.4,"WD":93.0}},{"type":"Feature","geometry":{"type":"Point","coordinates":[165.0,70.0]},"properties":{"date":"2026-09-23","WS":12.5,"WD":101.0}},{"type":"Feature","geometry":{"type":"Point","coordinates":[170.0,70.0]},"properties":{"date":"2026-09-23","WS":8.8,"WD":94.0}},{"type":"Feature","geometry":{"type":"Point","coordinates":[175.0,70.0]},"properties":{"date":"2026-09-23","WS":4.9,"WD":19.0}},{"type":"Feature","geometry":{"type":"Point","coordinates":[-180.0,75.0]},"properties":{"date":"2026-09-23","WS":8.2,"WD":351.0}},{"type":"Feature","geometry":{"type":"Point","coordinates":[-175.0,75.0]},"properties":{"date":"2026-09-23","WS":7.9,"WD":349.0}},{"type":"Feature","geometry":{"type":"Point","coordinates":[-170.0,75.0]},"properties":{"date":"2026-09-23","WS":12.9,"WD":327.0}},{"type":"Feature","geometry":{"type":"Point","coordinates":[-165.0,75.0]},"properties":{"date":"2026-09-23","WS":17.0,"WD":326.0}},{"type":"Feature","geometry":{"type":"Point","coordinates":[-160.0,75.0]},"properties":{"date":"2026-09-23","WS":14.0,"WD":312.0}},{"type":"Feature","geometry":{"type":"Point","coordinates":[-155.0,75.0]},"properties":{"date":"2026-09-23","WS":14.9,"WD":275.0}},{"type":"Feature","geometry":{"type":"Point","coordinates":[-150.0,75.0]},"properties":{"date":"2026-09-23","WS":17.2,"WD":262.0}},{"type":"Feature","geometry":{"type":"Point","coordinates":[-145.0,75.0]},"properties":{"date":"2026-09-23","WS":14.7,"WD":259.0}},{"type":"Feature","geometry":{"type":"Point","coordinates":[-140.0,75.0]},"properties":{"date":"2026-09-23","WS":11.5,"WD":238.0}},{"type":"Feature","geometry":{"type":"Point","coordinates":[-135.0,75.0]},"properties":{"date":"2026-09-23","WS":11.2,"WD":228.0}},{"type":"Feature","geometry":{"type":"Point","coordinates":[-130.0,75.0]},"properties":{"date":"2026-09-23","WS":9.8,"WD":224.0}},{"type":"Feature","geometry":{"type":"Point","coordinates":[-125.0,75.0]},"properties":{"date":"2026-09-23","WS":8.0,"WD":207.0}},{"type":"Feature","geometry":{"type":"Point","coordinates":[-120.0,75.0]},"properties":{"date":"2026-09-23","WS":7.7,"WD":201.0}},{"type":"Feature","geometry":{"type":"Point","coordinates":[-115.0,75.0]},"properties":{"date":"2026-09-23","WS":7.3,"WD":209.0}},{"type":"Feature","geometry":{"type":"Point","coordinates":[-110.0,75.0]},"properties":{"date":"2026-09-23","WS":8.3,"WD":237.0}},{"type":"Feature","geometry":{"type":"Point","coordinates":[-105.0,75.0]},"properties":{"date":"2026-09-23","WS":9.5,"WD":242.0}},{"type":"Feature","geometry":{"type":"Point","coordinates":[-100.0,75.0]},"properties":{"date":"2026-09-23","WS":10.3,"WD":262.0}},{"type":"Feature","geometry":{"type":"Point","coordinates":[-95.0,75.0]},"properties":{"date":"2026-09-23","WS":14.7,"WD":286.0}},{"type":"Feature","geometry":{"type":"Point","coordinates":[-90.0,75.0]},"properties":{"date":"2026-09-23","WS":17.9,"WD":295.0}},{"type":"Feature","geometry":{"type":"Point","coordinates":[-85.0,75.0]},"properties":{"date":"2026-09-23","WS":12.7,"WD":282.0}},{"type":"Feature","geometry":{"type":"Point","coordinates":[-80.0,75.0]},"properties":{"date":"2026-09-23","WS":8.2,"WD":212.0}},{"type":"Feature","geometry":{"type":"Point","coordinates":[-75.0,75.0]},"properties":{"date":"2026-09-23","WS":11.0,"WD":177.0}},{"type":"Feature","geometry":{"type":"Point","coordinates":[-70.0,75.0]},"properties":{"date":"2026-09-23","WS":11.3,"WD":184.0}},{"type":"Feature","geometry":{"type":"Point","coordinates":[-65.0,75.0]},"properties":{"date":"2026-09-23","WS":12.9,"WD":174.0}},{"type":"Feature","geometry":{"type":"Point","coordinates":[-60.0,75.0]},"properties":{"date":"2026-09-23","WS":14.4,"WD":168.0}},{"type":"Feature","geometry":{"type":"Point","coordinates":[-55.0,75.0]},"properties":{"date":"2026-09-23","WS":11.0,"WD":166.0}},{"type":"Feature","geometry":{"type":"Point","coordinates":[-50.0,75.0]},"properties":{"date":"2026-09-23","WS":7.8,"WD":142.0}},{"type":"Feature","geometry":{"type":"Point","coordinates":[-45.0,75.0]},"properties":{"date":"2026-09-23","WS":9.0,"WD":119.0}},{"type":"Feature","geometry":{"type":"Point","coordinates":[-40.0,75.0]},"properties":{"date":"2026-09-23","WS":6.9,"WD":145.0}},{"type":"Feature","geometry":{"type":"Point","coordinates":[-35.0,75.0]},"properties":{"date":"2026-09-23","WS":6.6,"WD":193.0}},{"type":"Feature","geometry":{"type":"Point","coordinates":[-30.0,75.0]},"properties":{"date":"2026-09-23","WS":7.8,"WD":204.0}},{"type":"Feature","geometry":{"type":"Point","coordinates":[-25.0,75.0]},"properties":{"date":"2026-09-23","WS":6.1,"WD":226.0}},{"type":"Feature","geometry":{"type":"Point","coordinates":[-20.0,75.0]},"properties":{"date":"2026-09-23","WS":8.2,"WD":297.0}},{"type":"Feature","geometry":{"type":"Point","coordinates":[-15.0,75.0]},"properties":{"date":"2026-09-23","WS":12.2,"WD":324.0}},{"type":"Feature","geometry":{"type":"Point","coordinates":[-10.0,75.0]},"properties":{"date":"2026-09-23","WS":10.9,"WD":290.0}},{"type":"Feature","geometry":{"type":"Point","coordinates":[-5.0,75.0]},"properties":{"date":"2026-09-23","WS":17.5,"WD":248.0}},{"type":"Feature","geometry":{"type":"Point","coordinates":[0.0,75.0]},"properties":{"date":"2026-09-23","WS":22.4,"WD":238.0}},{"type":"Feature","geometry":{"type":"Point","coordinates":[5.0,75.0]},"properties":{"date":"2026-09-23","WS":21.6,"WD":236.0}},{"type":"Feature","geometry":{"type":"Point","coordinates":[10.0,75.0]},"properties":{"date":"2026-09-23","WS":22.9,"WD":227.0}},{"type":"Feature","geometry":{"type":"Point","coordinates":[15.0,75.0]},"properties":{"date":"2026-09-23","WS":25.1,"WD":224.0}},{"type":"Feature","geometry":{"type":"Point","coordinates":[20.0,75.0]},"properties":{"date":"2026-09-23","WS":21.5,"WD":222.0}},{"type":"Feature","geometry":{"type":"Point","coordinates":[25.0,75.0]},"properties":{"date":"2026-09-23","WS":18.1,"WD":215.0}},{"type":"Feature","geometry":{"type":"Point","coordinates":[30.0,75.0]},"properties":{"date":"2026-09-23","WS":18.7,"WD":214.0}},{"type":"Feature","geometry":{"type":"Point","coordinates":[35.0,75.0]},"properties":{"date":"2026-09-23","WS":16.6,"WD":213.0}},{"type":"Feature","geometry":{"type":"Point","coordinates":[40.0,75.0]},"properties":{"date":"2026-09-23","WS":14.1,"WD":216.0}},{"type":"Feature","geometry":{"type":"Point","coordinates":[45.0,75.0]},"properties":{"date":"2026-09-23","WS":15.4,"WD":218.0}},{"type":"Feature","geometry":{"type":"Point","coordinates":[50.0,75.0]},"properties":{"date":"2026-09-23","WS":11.1,"WD":227.0}},{"type":"Feature","geometry":{"type":"Point","coordinates":[55.0,75.0]},"properties":{"date":"2026-09-23","WS":7.8,"WD":285.0}},{"type":"Feature","geometry":{"type":"Point","coordinates":[60.0,75.0]},"properties":{"date":"2026-09-23","WS":9.5,"WD":307.0}},{"type":"Feature","geometry":{"type":"Point","coordinates":[65.0,75.0]},"properties":{"date":"2026-09-23","WS":9.8,"WD":312.0}},{"type":"Feature","geometry":{"type":"Point","coordinates":[70.0,75.0]},"properties":{"date":"2026-09-23","WS":12.2,"WD":326.0}},{"type":"Feature","geometry":{"type":"Point","coordinates":[75.0,75.0]},"properties":{"date":"2026-09-23","WS":13.5,"WD":330.0}},{"type":"Feature","geometry":{"type":"Point","coordinates":[80.0,75.0]},"properties":{"date":"2026-09-23","WS":11.9,"WD":330.0}},{"type":"Feature","geometry":{"type":"Point","coordinates":[85.0,75.0]},"properties":{"date":"2026-09-23","WS":9.7,"WD":329.0}},{"type":"Feature","geometry":{"type":"Point","coordinates":[90.0,75.0]},"properties":{"date":"2026-09-23","WS":9.6,"WD":334.0}},{"type":"Feature","geometry":{"type":"Point","coordinates":[95.0,75.0]},"properties":{"date":"2026-09-23","WS":8.1,"WD":315.0}},{"type":"Feature","geometry":{"type":"Point","coordinates":[100.0,75.0]},"properties":{"date":"2026-09-23","WS":8.6,"WD":272.0}},{"type":"Feature","geometry":{"type":"Point","coordinates":[105.0,75.0]},"properties":{"date":"2026-09-23","WS":10.6,"WD":263.0}},{"type":"Feature","geometry":{"type":"Point","coordinates":[110.0,75.0]},"properties":{"date":"2026-09-23","WS":9.0,"WD":254.0}},{"type":"Feature","geometry":{"type":"Point","coordinates":[115.0,75.0]},"properties":{"date":"2026-09-23","WS":7.6,"WD":224.0}},{"type":"Feature","geometry":{"type":"Point","coordinates":[120.0,75.0]},"properties":{"date":"2026-09-23","WS":7.6,"WD":208.0}},{"type":"Feature","geometry":{"type":"Point","coordinates":[125.0,75.0]},"properties":{"date":"2026-09-23","WS":7.6,"WD":208.0}},{"type":"Feature","geometry":{"type":"Point","coordinates":[130.0,75.0]},"properties":{"date":"2026-09-23","WS":8.0,"WD":197.0}},{"type":"Feature","geometry":{"type":"Point","coordinates":[135.0,75.0]},"properties":{"date":"2026-09-23","WS":9.2,"WD":192.0}},{"type":"Feature","geometry":{"type":"Point","coordinates":[140.0,75.0]},"properties":{"date":"2026-09-23","WS":7.0,"WD":198.0}},{"type":"Feature","geometry":{"type":"Point","coordinates":[145.0,75.0]},"properties":{"date":"2026-09-23","WS":3.7,"WD":195.0}},{"type":"Feature","geometry":{"type":"Point","coordinates":[150.0,75.0]},"properties":{"date":"2026-09-23","WS":3.3,"WD":200.0}},{"type":"Feature","geometry":{"type":"Point","coordinates":[155.0,75.0]},"properties":{"date":"2026-09-23","WS":2.9,"WD":141.0}},{"type":"Feature","geometry":{"type":"Point","coordinates":[160.0,75.0]},"properties":{"date":"2026-09-23","WS":8.0,"WD":99.0}},{"type":"Feature","geometry":{"type":"Point","coordinates":[165.0,75.0]},"properties":{"date":"2026-09-23","WS":10.3,"WD":98.0}},{"type":"Feature","geometry":{"type":"Point","coordinates":[170.0,75.0]},"properties":{"date":"2026-09-23","WS":8.5,"WD":90.0}},{"type":"Feature","geometry":{"type":"Point","coordinates":[175.0,75.0]},"properties":{"date":"2026-09-23","WS":5.4,"WD":29.0}}]}